"","node","cluster"
"1","https://www.class-central.com/mooc/452/coursera-programming-languages-part-a","1"
"2","https://www.class-central.com/mooc/1457/coursera-sistemas-digitales-de-las-puertas-logicas-al-procesador","1"
"3","https://www.class-central.com/mooc/2147/edx-introduction-to-functional-programming","1"
"4","https://www.class-central.com/mooc/452/coursera-programming-languages-part-a","2"
"5","https://www.class-central.com/mooc/1457/coursera-sistemas-digitales-de-las-puertas-logicas-al-procesador","2"
"6","https://www.class-central.com/mooc/1713/coursera-r-programming","2"
"7","https://www.class-central.com/mooc/2147/edx-introduction-to-functional-programming","2"
"8","https://www.class-central.com/mooc/745/coursera-biology-meets-programming-bioinformatics-for-beginners","3"
"9","https://www.class-central.com/mooc/637/edx-introduction-to-biology-the-secret-of-life","3"
"10","https://www.class-central.com/mooc/945/edx-genomic-medicine-gets-personal","3"
"11","https://www.class-central.com/mooc/522/coursera-introduction-to-guitar","4"
"12","https://www.class-central.com/mooc/391/coursera-nutrition-for-health-promotion-and-disease-prevention","4"
"13","https://www.class-central.com/mooc/1816/coursera-web-application-architectures","4"
"14","https://www.class-central.com/mooc/1178/coursera-programming-mobile-applications-for-android-handheld-systems-part-1","5"
"15","https://www.class-central.com/mooc/3076/coursera-programming-mobile-applications-for-android-handheld-systems-part-2","5"
"16","https://www.class-central.com/mooc/429/coursera-creative-serious-and-playful-science-of-android-apps","5"
"17","https://www.class-central.com/mooc/339/coursera-algorithms-part-i","6"
"18","https://www.class-central.com/mooc/1712/coursera-the-data-scientist-s-toolbox","6"
"19","https://www.class-central.com/mooc/374/coursera-algorithms-design-and-analysis-part-1","6"
"20","https://www.class-central.com/mooc/426/coursera-algorithms-design-and-analysis-part-2","6"
"21","https://www.class-central.com/mooc/1137/coursera-introduction-to-marketing","7"
"22","https://www.class-central.com/mooc/2727/coursera-work-smarter-not-harder-time-management-for-personal-professional-productivity","7"
"23","https://www.class-central.com/mooc/2782/coursera-project-management-the-basics-for-success","7"
"24","https://www.class-central.com/mooc/3292/coursera-fundamentals-of-project-planning-and-management","7"
"25","https://www.class-central.com/mooc/597/coursera-genes-and-the-human-condition-from-behavior-to-biotechnology","8"
"26","https://www.class-central.com/mooc/678/coursera-epidemics-the-dynamics-of-infectious-diseases","8"
"27","https://www.class-central.com/mooc/843/coursera-pre-calculus-trigonometry","8"
"28","https://www.class-central.com/mooc/655/coursera-social-epidemiology","8"
"29","https://www.class-central.com/mooc/513/coursera-archaeology-s-dirty-little-secrets","8"
"30","https://www.class-central.com/mooc/419/coursera-equine-nutrition","8"
"31","https://www.class-central.com/mooc/422/coursera-functional-programming-principles-in-scala","9"
"32","https://www.class-central.com/mooc/505/coursera-coding-the-matrix-linear-algebra-through-computer-science-applications","9"
"33","https://www.class-central.com/mooc/1186/coursera-principles-of-reactive-programming","9"
"34","https://www.class-central.com/mooc/1395/coursera-an-introduction-to-consumer-neuroscience-neuromarketing","10"
"35","https://www.class-central.com/mooc/1137/coursera-introduction-to-marketing","10"
"36","https://www.class-central.com/mooc/1751/coursera-analyzing-global-trends-for-business-and-society","10"
"37","https://www.class-central.com/mooc/674/coursera-international-organizations-management","10"
"38","https://www.class-central.com/mooc/543/coursera-english-common-law-structure-and-principles","11"
"39","https://www.class-central.com/mooc/2920/coursera-managing-the-company-of-the-future","11"
"40","https://www.class-central.com/mooc/2137/coursera-copyright-for-educators-librarians","11"
"41","https://www.class-central.com/mooc/2677/coursera-america-s-written-constitution","11"
"42","https://www.class-central.com/mooc/913/coursera-constitutional-law","11"
"43","https://www.class-central.com/mooc/674/coursera-international-organizations-management","11"
"44","https://www.class-central.com/mooc/1771/coursera-international-human-rights-law-prospects-and-challenges","11"
"45","https://www.class-central.com/mooc/2353/coursera-chinese-for-beginners","12"
"46","https://www.class-central.com/mooc/1403/coursera-the-addicted-brain","12"
"47","https://www.class-central.com/mooc/2727/coursera-work-smarter-not-harder-time-management-for-personal-professional-productivity","12"
"48","https://www.class-central.com/mooc/889/coursera-introduction-to-public-speaking","12"
"49","https://www.class-central.com/mooc/2667/coursera-the-bilingual-brain","12"
"50","https://www.class-central.com/mooc/396/coursera-an-introduction-to-the-u-s-food-system-perspectives-from-public-health","12"
"51","https://www.class-central.com/mooc/484/coursera-fundamentals-of-personal-financial-planning","12"
"52","https://www.class-central.com/mooc/663/coursera-constitutional-struggles-in-the-muslim-world","13"
"53","https://www.class-central.com/mooc/2940/coursera-miracles-of-human-language-an-introduction-to-linguistics","13"
"54","https://www.class-central.com/mooc/2734/coursera-text-retrieval-and-search-engines","13"
"55","https://www.class-central.com/mooc/2987/coursera-introduction-to-classical-music","13"
"56","https://www.class-central.com/mooc/2733/coursera-pattern-discovery-in-data-mining","13"
"57","https://www.class-central.com/mooc/2943/coursera-positive-psychology","14"
"58","https://www.class-central.com/mooc/3016/coursera-metaliteracy-empowering-yourself-in-a-connected-world","14"
"59","https://www.class-central.com/mooc/383/coursera-think-again-how-to-reason-and-argue","14"
"60","https://www.class-central.com/mooc/380/coursera-introductory-human-physiology","15"
"61","https://www.class-central.com/mooc/2305/coursera-gut-check-exploring-your-microbiome","15"
"62","https://www.class-central.com/mooc/2900/coursera-psychological-first-aid","15"
"63","https://www.class-central.com/mooc/1969/coursera-representaciones-culturales-de-las-sexualidades","15"
"64","https://www.class-central.com/mooc/353/coursera-greek-and-roman-mythology","16"
"65","https://www.class-central.com/mooc/1269/coursera-how-to-change-the-world","16"
"66","https://www.class-central.com/mooc/1389/coursera-unethical-decision-making-in-organizations","16"
"67","https://www.class-central.com/mooc/715/coursera-understanding-media-by-understanding-google","16"
"68","https://www.class-central.com/mooc/487/coursera-discrete-optimization","17"
"69","https://www.class-central.com/mooc/744/coursera-social-and-economic-networks-models-and-analysis","17"
"70","https://www.class-central.com/mooc/2734/coursera-text-retrieval-and-search-engines","17"
"71","https://www.class-central.com/mooc/2733/coursera-pattern-discovery-in-data-mining","17"
"72","https://www.class-central.com/mooc/2735/coursera-cluster-analysis-in-data-mining","17"
"73","https://www.class-central.com/mooc/451/coursera-introduction-to-data-science","17"
"74","https://www.class-central.com/mooc/336/coursera-networked-life","17"
"75","https://www.class-central.com/mooc/720/coursera-linear-and-integer-programming","17"
"76","https://www.class-central.com/mooc/445/edx-cs188-1x-artificial-intelligence","17"
"77","https://www.class-central.com/mooc/3477/coursera-magic-in-the-middle-ages","18"
"78","https://www.class-central.com/mooc/2033/coursera-what-future-for-education","18"
"79","https://www.class-central.com/mooc/2113/coursera-get-organized-how-to-be-a-together-teacher","18"
"80","https://www.class-central.com/mooc/2794/coursera-australian-literature-a-rough-guide","18"
"81","https://www.class-central.com/mooc/3240/coursera-sagas-and-space-thinking-space-in-viking-age-and-medieval-scandinavia","18"
"82","https://www.class-central.com/mooc/2876/coursera-shakespeare-in-community","18"
"83","https://www.class-central.com/mooc/1929/coursera-shaping-the-way-we-teach-english-2-paths-to-success-in-elt","18"
"84","https://www.class-central.com/mooc/3472/coursera-introduction-to-genomic-technologies","19"
"85","https://www.class-central.com/mooc/380/coursera-introductory-human-physiology","19"
"86","https://www.class-central.com/mooc/3007/coursera-astronomy-exploring-time-and-space","19"
"87","https://www.class-central.com/mooc/596/coursera-mathematical-biostatistics-boot-camp-1","19"
"88","https://www.class-central.com/mooc/706/coursera-competitive-strategy","19"
"89","https://www.class-central.com/mooc/1368/coursera-bioinformatic-methods-i","19"
"90","https://www.class-central.com/mooc/1887/coursera-vital-signs-understanding-what-the-body-is-telling-us","19"
"91","https://www.class-central.com/mooc/1856/coursera-advanced-competitive-strategy","19"
"92","https://www.class-central.com/mooc/372/coursera-introduction-to-operations-management","19"
"93","https://www.class-central.com/mooc/1606/coursera-understanding-the-brain-the-neurobiology-of-everyday-life","19"
"94","https://www.class-central.com/mooc/2055/coursera-our-energy-future","19"
"95","https://www.class-central.com/mooc/491/coursera-network-analysis-in-systems-biology","19"
"96","https://www.class-central.com/mooc/636/coursera-games-without-chance-combinatorial-game-theory","19"
"97","https://www.class-central.com/mooc/1749/coursera-bioinformatic-methods-ii","19"
"98","https://www.class-central.com/mooc/343/coursera-gamification","19"
"99","https://www.class-central.com/mooc/408/coursera-an-introduction-to-interactive-programming-in-python-part-1","19"
"100","https://www.class-central.com/mooc/2900/coursera-psychological-first-aid","19"
"101","https://www.class-central.com/mooc/317/coursera-model-thinking","19"
"102","https://www.class-central.com/mooc/1765/coursera-introduction-to-human-behavioral-genetics","19"
"103","https://www.class-central.com/mooc/2883/coursera-welcome-to-game-theory","19"
"104","https://www.class-central.com/mooc/1264/coursera-introduction-to-forensic-science","19"
"105","https://www.class-central.com/mooc/1813/coursera-the-science-of-the-solar-system","19"
"106","https://www.class-central.com/mooc/329/coursera-introduction-to-logic","19"
"107","https://www.class-central.com/mooc/424/coursera-a-beginner-s-guide-to-irrational-behavior","19"
"108","https://www.class-central.com/mooc/888/coursera-case-based-introduction-to-biostatistics","19"
"109","https://www.class-central.com/mooc/555/coursera-social-psychology","19"
"110","https://www.class-central.com/mooc/2234/edx-3-032x-mechanical-behavior-of-materials","19"
"111","https://www.class-central.com/mooc/420/coursera-critical-thinking-in-global-challenges","19"
"112","https://www.class-central.com/mooc/1454/coursera-logic-language-and-information-1","19"
"113","https://www.class-central.com/mooc/383/coursera-think-again-how-to-reason-and-argue","19"
"114","https://www.class-central.com/mooc/1349/coursera-data-analysis-and-statistical-inference","19"
"115","https://www.class-central.com/mooc/345/coursera-introduction-to-finance","19"
"116","https://www.class-central.com/mooc/401/coursera-galaxies-and-cosmology","19"
"117","https://www.class-central.com/mooc/422/coursera-functional-programming-principles-in-scala","20"
"118","https://www.class-central.com/mooc/415/coursera-astrobiology-and-the-search-for-extraterrestrial-life","20"
"119","https://www.class-central.com/mooc/339/coursera-algorithms-part-i","20"
"120","https://www.class-central.com/mooc/616/coursera-cryptography-i","20"
"121","https://www.class-central.com/mooc/724/coursera-fundamentals-of-digital-image-and-video-processing","20"
"122","https://www.class-central.com/mooc/922/coursera-analytic-combinatorics","20"
"123","https://www.class-central.com/mooc/382/coursera-introduction-to-astronomy","20"
"124","https://www.class-central.com/mooc/340/coursera-algorithms-part-ii","20"
"125","https://www.class-central.com/mooc/398/coursera-neural-networks-for-machine-learning","21"
"126","https://www.class-central.com/mooc/1728/coursera-software-security","21"
"127","https://www.class-central.com/mooc/2463/coursera-surveillance-law","21"
"128","https://www.class-central.com/mooc/445/edx-cs188-1x-artificial-intelligence","21"
"129","https://www.class-central.com/mooc/375/coursera-computer-science-101","21"
"130","https://www.class-central.com/mooc/1240/edx-learning-from-data-introductory-machine-learning","21"
"131","https://www.class-central.com/mooc/531/coursera-malicious-software-and-its-underground-economy-two-sides-to-every-story","21"
"132","https://www.class-central.com/mooc/339/coursera-algorithms-part-i","22"
"133","https://www.class-central.com/mooc/308/coursera-game-theory","22"
"134","https://www.class-central.com/mooc/307/coursera-natural-language-processing","22"
"135","https://www.class-central.com/mooc/328/coursera-compilers","22"
"136","https://www.class-central.com/mooc/338/coursera-social-network-analysis","22"
"137","https://www.class-central.com/mooc/427/coursera-heterogeneous-parallel-programming","22"
"138","https://www.class-central.com/mooc/1029/coursera-introduction-to-recommender-systems","22"
"139","https://www.class-central.com/mooc/374/coursera-algorithms-design-and-analysis-part-1","22"
"140","https://www.class-central.com/mooc/426/coursera-algorithms-design-and-analysis-part-2","22"
"141","https://www.class-central.com/mooc/340/coursera-algorithms-part-ii","22"
"142","https://www.class-central.com/mooc/1717/coursera-statistical-inference","23"
"143","https://www.class-central.com/mooc/1720/coursera-developing-data-products","23"
"144","https://www.class-central.com/mooc/1715/coursera-exploratory-data-analysis","23"
"145","https://www.class-central.com/mooc/1716/coursera-reproducible-research","23"
"146","https://www.class-central.com/mooc/1714/coursera-getting-and-cleaning-data","23"
"147","https://www.class-central.com/mooc/2707/coursera-scaling-operations-linking-strategy-and-execution","23"
"148","https://www.class-central.com/mooc/3477/coursera-magic-in-the-middle-ages","24"
"149","https://www.class-central.com/mooc/3202/coursera-ebola-virus-disease-an-evolving-epidemic","24"
"150","https://www.class-central.com/mooc/1765/coursera-introduction-to-human-behavioral-genetics","24"
"151","https://www.class-central.com/mooc/2794/coursera-australian-literature-a-rough-guide","24"
"152","https://www.class-central.com/mooc/3240/coursera-sagas-and-space-thinking-space-in-viking-age-and-medieval-scandinavia","24"
"153","https://www.class-central.com/mooc/2876/coursera-shakespeare-in-community","24"
"154","https://www.class-central.com/mooc/1368/coursera-bioinformatic-methods-i","25"
"155","https://www.class-central.com/mooc/564/coursera-introduction-to-engineering-mechanics","25"
"156","https://www.class-central.com/mooc/2728/coursera-initiating-and-planning-projects","25"
"157","https://www.class-central.com/mooc/1522/coursera-marine-megafauna-an-introduction-to-marine-science-and-conservation","25"
"158","https://www.class-central.com/mooc/3472/coursera-introduction-to-genomic-technologies","26"
"159","https://www.class-central.com/mooc/596/coursera-mathematical-biostatistics-boot-camp-1","26"
"160","https://www.class-central.com/mooc/2860/coursera-a-life-of-happiness-and-fulfillment","26"
"161","https://www.class-central.com/mooc/1368/coursera-bioinformatic-methods-i","26"
"162","https://www.class-central.com/mooc/1856/coursera-advanced-competitive-strategy","26"
"163","https://www.class-central.com/mooc/769/coursera-introduction-to-financial-accounting","26"
"164","https://www.class-central.com/mooc/2944/coursera-chemistry","26"
"165","https://www.class-central.com/mooc/1137/coursera-introduction-to-marketing","26"
"166","https://www.class-central.com/mooc/491/coursera-network-analysis-in-systems-biology","26"
"167","https://www.class-central.com/mooc/636/coursera-games-without-chance-combinatorial-game-theory","26"
"168","https://www.class-central.com/mooc/1749/coursera-bioinformatic-methods-ii","26"
"169","https://www.class-central.com/mooc/408/coursera-an-introduction-to-interactive-programming-in-python-part-1","26"
"170","https://www.class-central.com/mooc/2900/coursera-psychological-first-aid","26"
"171","https://www.class-central.com/mooc/1765/coursera-introduction-to-human-behavioral-genetics","26"
"172","https://www.class-central.com/mooc/2883/coursera-welcome-to-game-theory","26"
"173","https://www.class-central.com/mooc/912/coursera-financial-markets","26"
"174","https://www.class-central.com/mooc/1264/coursera-introduction-to-forensic-science","26"
"175","https://www.class-central.com/mooc/329/coursera-introduction-to-logic","26"
"176","https://www.class-central.com/mooc/424/coursera-a-beginner-s-guide-to-irrational-behavior","26"
"177","https://www.class-central.com/mooc/888/coursera-case-based-introduction-to-biostatistics","26"
"178","https://www.class-central.com/mooc/555/coursera-social-psychology","26"
"179","https://www.class-central.com/mooc/383/coursera-think-again-how-to-reason-and-argue","26"
"180","https://www.class-central.com/mooc/1349/coursera-data-analysis-and-statistical-inference","26"
"181","https://www.class-central.com/mooc/2750/coursera-marketing-in-a-digital-world","26"
"182","https://www.class-central.com/mooc/2065/coursera-supply-chain-management-a-learning-perspective","26"
"183","https://www.class-central.com/mooc/2728/coursera-initiating-and-planning-projects","26"
"184","https://www.class-central.com/mooc/2782/coursera-project-management-the-basics-for-success","26"
"185","https://www.class-central.com/mooc/3292/coursera-fundamentals-of-project-planning-and-management","26"
"186","https://www.class-central.com/mooc/546/coursera-foundations-of-business-strategy","26"
"187","https://www.class-central.com/mooc/824/coursera-computer-networks","26"
"188","https://www.class-central.com/mooc/1751/coursera-analyzing-global-trends-for-business-and-society","26"
"189","https://www.class-central.com/mooc/1362/coursera-the-brain-and-space","27"
"190","https://www.class-central.com/mooc/353/coursera-greek-and-roman-mythology","27"
"191","https://www.class-central.com/mooc/335/coursera-internet-history-technology-and-security","27"
"192","https://www.class-central.com/mooc/1269/coursera-how-to-change-the-world","27"
"193","https://www.class-central.com/mooc/523/coursera-songwriting-writing-the-lyrics","27"
"194","https://www.class-central.com/mooc/1389/coursera-unethical-decision-making-in-organizations","27"
"195","https://www.class-central.com/mooc/715/coursera-understanding-media-by-understanding-google","27"
"196","https://www.class-central.com/mooc/1957/coursera-programming-for-everybody-python","27"
"197","https://www.class-central.com/mooc/375/coursera-computer-science-101","27"
"198","https://www.class-central.com/mooc/1361/coursera-paradoxes-of-war","28"
"199","https://www.class-central.com/mooc/1355/coursera-buddhism-and-modern-psychology","28"
"200","https://www.class-central.com/mooc/911/coursera-moralities-of-everyday-life","28"
"201","https://www.class-central.com/mooc/703/coursera-soul-beliefs-causes-and-consequences-unit-1-historical-foundations","28"
"202","https://www.class-central.com/mooc/317/coursera-model-thinking","28"
"203","https://www.class-central.com/mooc/382/coursera-introduction-to-astronomy","28"
"204","https://www.class-central.com/mooc/487/coursera-discrete-optimization","29"
"205","https://www.class-central.com/mooc/730/coursera-exploring-beethoven-s-piano-sonatas","29"
"206","https://www.class-central.com/mooc/317/coursera-model-thinking","29"
"207","https://www.class-central.com/mooc/1239/coursera-the-power-of-markets","29"
"208","https://www.class-central.com/mooc/451/coursera-introduction-to-data-science","29"
"209","https://www.class-central.com/mooc/853/coursera-el-abc-del-emprendimiento-esbelto","29"
"210","https://www.class-central.com/mooc/706/coursera-competitive-strategy","30"
"211","https://www.class-central.com/mooc/1856/coursera-advanced-competitive-strategy","30"
"212","https://www.class-central.com/mooc/372/coursera-introduction-to-operations-management","30"
"213","https://www.class-central.com/mooc/556/coursera-surviving-disruptive-technologies-on-demand","30"
"214","https://www.class-central.com/mooc/563/coursera-calculus-one","30"
"215","https://www.class-central.com/mooc/2011/coursera-managing-your-money-mba-insights-for-undergraduates","30"
"216","https://www.class-central.com/mooc/433/coursera-grow-to-greatness-smart-growth-for-private-businesses-part-i","30"
"217","https://www.class-central.com/mooc/546/coursera-foundations-of-business-strategy","30"
"218","https://www.class-central.com/mooc/502/coursera-the-ancient-greeks","31"
"219","https://www.class-central.com/mooc/343/coursera-gamification","31"
"220","https://www.class-central.com/mooc/408/coursera-an-introduction-to-interactive-programming-in-python-part-1","31"
"221","https://www.class-central.com/mooc/1724/coursera-principles-of-computing-part-1","31"
"222","https://www.class-central.com/mooc/3196/coursera-an-introduction-to-interactive-programming-in-python-part-2","31"
"223","https://www.class-central.com/mooc/2987/coursera-introduction-to-classical-music","32"
"224","https://www.class-central.com/mooc/710/coursera-inspiring-leadership-through-emotional-intelligence","32"
"225","https://www.class-central.com/mooc/840/coursera-developing-innovative-ideas-for-new-companies-the-first-step-in-entrepreneurship","32"
"226","https://www.class-central.com/mooc/544/coursera-online-games-literature-new-media-and-narrative","32"
"227","https://www.class-central.com/mooc/1811/coursera-personal-family-financial-planning","33"
"228","https://www.class-central.com/mooc/769/coursera-introduction-to-financial-accounting","33"
"229","https://www.class-central.com/mooc/625/coursera-introduction-to-corporate-finance","33"
"230","https://www.class-central.com/mooc/1054/coursera-the-power-of-microeconomics-economic-principles-in-the-real-world","33"
"231","https://www.class-central.com/mooc/2286/coursera-corporate-finance-essentials","33"
"232","https://www.class-central.com/mooc/1491/edx-introduction-to-aeronautical-engineering","33"
"233","https://www.class-central.com/mooc/2463/coursera-surveillance-law","33"
"234","https://www.class-central.com/mooc/345/coursera-introduction-to-finance","33"
"235","https://www.class-central.com/mooc/404/coursera-control-of-mobile-robots","34"
"236","https://www.class-central.com/mooc/1887/coursera-vital-signs-understanding-what-the-body-is-telling-us","34"
"237","https://www.class-central.com/mooc/2567/coursera-technology-commercialization-part-1-setting-up-your-idea-filtering-system","34"
"238","https://www.class-central.com/mooc/444/edx-6-002x-circuits-and-electronics","34"
"239","https://www.class-central.com/mooc/1196/coursera-economics-of-money-and-banking-part-two","34"
"240","https://www.class-central.com/mooc/345/coursera-introduction-to-finance","34"
"241","https://www.class-central.com/mooc/1051/coursera-economics-of-money-and-banking-part-one","34"
"242","https://www.class-central.com/mooc/3007/coursera-astronomy-exploring-time-and-space","35"
"243","https://www.class-central.com/mooc/343/coursera-gamification","35"
"244","https://www.class-central.com/mooc/317/coursera-model-thinking","35"
"245","https://www.class-central.com/mooc/2883/coursera-welcome-to-game-theory","35"
"246","https://www.class-central.com/mooc/1813/coursera-the-science-of-the-solar-system","35"
"247","https://www.class-central.com/mooc/420/coursera-critical-thinking-in-global-challenges","35"
"248","https://www.class-central.com/mooc/1454/coursera-logic-language-and-information-1","35"
"249","https://www.class-central.com/mooc/345/coursera-introduction-to-finance","35"
"250","https://www.class-central.com/mooc/401/coursera-galaxies-and-cosmology","35"
"251","https://www.class-central.com/mooc/2860/coursera-a-life-of-happiness-and-fulfillment","36"
"252","https://www.class-central.com/mooc/769/coursera-introduction-to-financial-accounting","36"
"253","https://www.class-central.com/mooc/1371/coursera-international-leadership-and-organizational-behavior","36"
"254","https://www.class-central.com/mooc/2944/coursera-chemistry","36"
"255","https://www.class-central.com/mooc/2065/coursera-supply-chain-management-a-learning-perspective","36"
"256","https://www.class-central.com/mooc/2728/coursera-initiating-and-planning-projects","36"
"257","https://www.class-central.com/mooc/2782/coursera-project-management-the-basics-for-success","36"
"258","https://www.class-central.com/mooc/2709/coursera-new-venture-finance-startup-funding-for-entrepreneurs","36"
"259","https://www.class-central.com/mooc/3292/coursera-fundamentals-of-project-planning-and-management","36"
"260","https://www.class-central.com/mooc/546/coursera-foundations-of-business-strategy","36"
"261","https://www.class-central.com/mooc/824/coursera-computer-networks","36"
"262","https://www.class-central.com/mooc/2445/coursera-process-mining-data-science-in-action","36"
"263","https://www.class-central.com/mooc/1652/coursera---shi-ji-1","36"
"264","https://www.class-central.com/mooc/2163/coursera-questionnaire-design-for-social-surveys","36"
"265","https://www.class-central.com/mooc/2699/coursera-international-business-ii","36"
"266","https://www.class-central.com/mooc/431/coursera-how-things-work-an-introduction-to-physics","36"
"267","https://www.class-central.com/mooc/343/coursera-gamification","36"
"268","https://www.class-central.com/mooc/381/coursera-introduction-to-genetics-and-evolution","36"
"269","https://www.class-central.com/mooc/370/coursera-introduction-to-mathematical-thinking","36"
"270","https://www.class-central.com/mooc/566/coursera-a-brief-history-of-humankind","36"
"271","https://www.class-central.com/mooc/2921/coursera-model-thinking--","36"
"272","https://www.class-central.com/mooc/420/coursera-critical-thinking-in-global-challenges","36"
"273","https://www.class-central.com/mooc/1372/coursera-globalization-of-business-enterprise","36"
"274","https://www.class-central.com/mooc/1844/coursera-better-leader-richer-life","36"
"275","https://www.class-central.com/mooc/766/coursera-crafting-an-effective-writer-tools-of-the-trade-fundamental-english-writing","36"
"276","https://www.class-central.com/mooc/2914/edx-ec1101x-principles-of-economics-with-calculus","36"
"277","https://www.class-central.com/mooc/1782/edx-colwri2-3x-academic-and-business-writing","36"
"278","https://www.class-central.com/mooc/2860/coursera-a-life-of-happiness-and-fulfillment","37"
"279","https://www.class-central.com/mooc/706/coursera-competitive-strategy","37"
"280","https://www.class-central.com/mooc/1856/coursera-advanced-competitive-strategy","37"
"281","https://www.class-central.com/mooc/372/coursera-introduction-to-operations-management","37"
"282","https://www.class-central.com/mooc/769/coursera-introduction-to-financial-accounting","37"
"283","https://www.class-central.com/mooc/2944/coursera-chemistry","37"
"284","https://www.class-central.com/mooc/1137/coursera-introduction-to-marketing","37"
"285","https://www.class-central.com/mooc/2728/coursera-initiating-and-planning-projects","37"
"286","https://www.class-central.com/mooc/2782/coursera-project-management-the-basics-for-success","37"
"287","https://www.class-central.com/mooc/2709/coursera-new-venture-finance-startup-funding-for-entrepreneurs","37"
"288","https://www.class-central.com/mooc/3292/coursera-fundamentals-of-project-planning-and-management","37"
"289","https://www.class-central.com/mooc/546/coursera-foundations-of-business-strategy","37"
"290","https://www.class-central.com/mooc/824/coursera-computer-networks","37"
"291","https://www.class-central.com/mooc/1751/coursera-analyzing-global-trends-for-business-and-society","37"
"292","https://www.class-central.com/mooc/1811/coursera-personal-family-financial-planning","38"
"293","https://www.class-central.com/mooc/2727/coursera-work-smarter-not-harder-time-management-for-personal-professional-productivity","38"
"294","https://www.class-central.com/mooc/2365/edx-saving-schools-mini-course-1-history-and-politics-of-u-s-education","38"
"295","https://www.class-central.com/mooc/2070/edx-future-cities","38"
"296","https://www.class-central.com/mooc/3448/coursera-women-in-leadership-inspiring-positive-change","38"
"297","https://www.class-central.com/mooc/3472/coursera-introduction-to-genomic-technologies","39"
"298","https://www.class-central.com/mooc/706/coursera-competitive-strategy","39"
"299","https://www.class-central.com/mooc/1368/coursera-bioinformatic-methods-i","39"
"300","https://www.class-central.com/mooc/1856/coursera-advanced-competitive-strategy","39"
"301","https://www.class-central.com/mooc/491/coursera-network-analysis-in-systems-biology","39"
"302","https://www.class-central.com/mooc/636/coursera-games-without-chance-combinatorial-game-theory","39"
"303","https://www.class-central.com/mooc/1749/coursera-bioinformatic-methods-ii","39"
"304","https://www.class-central.com/mooc/408/coursera-an-introduction-to-interactive-programming-in-python-part-1","39"
"305","https://www.class-central.com/mooc/2900/coursera-psychological-first-aid","39"
"306","https://www.class-central.com/mooc/1765/coursera-introduction-to-human-behavioral-genetics","39"
"307","https://www.class-central.com/mooc/1264/coursera-introduction-to-forensic-science","39"
"308","https://www.class-central.com/mooc/329/coursera-introduction-to-logic","39"
"309","https://www.class-central.com/mooc/424/coursera-a-beginner-s-guide-to-irrational-behavior","39"
"310","https://www.class-central.com/mooc/888/coursera-case-based-introduction-to-biostatistics","39"
"311","https://www.class-central.com/mooc/555/coursera-social-psychology","39"
"312","https://www.class-central.com/mooc/383/coursera-think-again-how-to-reason-and-argue","39"
"313","https://www.class-central.com/mooc/648/coursera-new-models-of-business-in-society","39"
"314","https://www.class-central.com/mooc/714/coursera-critical-perspectives-on-management","39"
"315","https://www.class-central.com/mooc/2728/coursera-initiating-and-planning-projects","39"
"316","https://www.class-central.com/mooc/2730/coursera-managing-project-risks-and-changes","39"
"317","https://www.class-central.com/mooc/710/coursera-inspiring-leadership-through-emotional-intelligence","39"
"318","https://www.class-central.com/mooc/2720/coursera-fundamentals-of-management","39"
"319","https://www.class-central.com/mooc/2782/coursera-project-management-the-basics-for-success","39"
"320","https://www.class-central.com/mooc/2752/coursera-managerial-accounting-tools-for-facilitating-and-guiding-business-decisions","39"
"321","https://www.class-central.com/mooc/3292/coursera-fundamentals-of-project-planning-and-management","39"
"322","https://www.class-central.com/mooc/407/coursera-computational-photography","39"
"323","https://www.class-central.com/mooc/1372/coursera-globalization-of-business-enterprise","39"
"324","https://www.class-central.com/mooc/1844/coursera-better-leader-richer-life","39"
"325","https://www.class-central.com/mooc/497/coursera-exercise-physiology-understanding-the-athlete-within","39"
"326","https://www.class-central.com/mooc/1403/coursera-the-addicted-brain","40"
"327","https://www.class-central.com/mooc/2487/coursera-advertising-and-society","40"
"328","https://www.class-central.com/mooc/714/coursera-critical-perspectives-on-management","40"
"329","https://www.class-central.com/mooc/1713/coursera-r-programming","40"
"330","https://www.class-central.com/mooc/1051/coursera-economics-of-money-and-banking-part-one","40"
"331","https://www.class-central.com/mooc/2353/coursera-chinese-for-beginners","41"
"332","https://www.class-central.com/mooc/1403/coursera-the-addicted-brain","41"
"333","https://www.class-central.com/mooc/1371/coursera-international-leadership-and-organizational-behavior","41"
"334","https://www.class-central.com/mooc/2487/coursera-advertising-and-society","41"
"335","https://www.class-central.com/mooc/335/coursera-internet-history-technology-and-security","41"
"336","https://www.class-central.com/mooc/563/coursera-calculus-one","41"
"337","https://www.class-central.com/mooc/2065/coursera-supply-chain-management-a-learning-perspective","41"
"338","https://www.class-central.com/mooc/2445/coursera-process-mining-data-science-in-action","41"
"339","https://www.class-central.com/mooc/1652/coursera---shi-ji-1","41"
"340","https://www.class-central.com/mooc/616/coursera-cryptography-i","41"
"341","https://www.class-central.com/mooc/1076/coursera-calculus-two-sequences-and-series","41"
"342","https://www.class-central.com/mooc/2163/coursera-questionnaire-design-for-social-surveys","41"
"343","https://www.class-central.com/mooc/2699/coursera-international-business-ii","41"
"344","https://www.class-central.com/mooc/1178/coursera-programming-mobile-applications-for-android-handheld-systems-part-1","41"
"345","https://www.class-central.com/mooc/2727/coursera-work-smarter-not-harder-time-management-for-personal-professional-productivity","41"
"346","https://www.class-central.com/mooc/714/coursera-critical-perspectives-on-management","41"
"347","https://www.class-central.com/mooc/431/coursera-how-things-work-an-introduction-to-physics","41"
"348","https://www.class-central.com/mooc/710/coursera-inspiring-leadership-through-emotional-intelligence","41"
"349","https://www.class-central.com/mooc/343/coursera-gamification","41"
"350","https://www.class-central.com/mooc/381/coursera-introduction-to-genetics-and-evolution","41"
"351","https://www.class-central.com/mooc/1712/coursera-the-data-scientist-s-toolbox","41"
"352","https://www.class-central.com/mooc/835/coursera-machine-learning","41"
"353","https://www.class-central.com/mooc/889/coursera-introduction-to-public-speaking","41"
"354","https://www.class-central.com/mooc/2667/coursera-the-bilingual-brain","41"
"355","https://www.class-central.com/mooc/396/coursera-an-introduction-to-the-u-s-food-system-perspectives-from-public-health","41"
"356","https://www.class-central.com/mooc/484/coursera-fundamentals-of-personal-financial-planning","41"
"357","https://www.class-central.com/mooc/1051/coursera-economics-of-money-and-banking-part-one","41"
"358","https://www.class-central.com/mooc/2883/coursera-welcome-to-game-theory","41"
"359","https://www.class-central.com/mooc/370/coursera-introduction-to-mathematical-thinking","41"
"360","https://www.class-central.com/mooc/566/coursera-a-brief-history-of-humankind","41"
"361","https://www.class-central.com/mooc/2244/edx-ut-7-01x-foundations-of-data-analysis","41"
"362","https://www.class-central.com/mooc/2921/coursera-model-thinking--","41"
"363","https://www.class-central.com/mooc/420/coursera-critical-thinking-in-global-challenges","41"
"364","https://www.class-central.com/mooc/1372/coursera-globalization-of-business-enterprise","41"
"365","https://www.class-central.com/mooc/1844/coursera-better-leader-richer-life","41"
"366","https://www.class-central.com/mooc/766/coursera-crafting-an-effective-writer-tools-of-the-trade-fundamental-english-writing","41"
"367","https://www.class-central.com/mooc/2914/edx-ec1101x-principles-of-economics-with-calculus","41"
"368","https://www.class-central.com/mooc/1782/edx-colwri2-3x-academic-and-business-writing","41"
"369","https://www.class-central.com/mooc/351/coursera-a-history-of-the-world-since-1300","41"
"370","https://www.class-central.com/mooc/2216/coursera-gps-an-introduction-to-satellite-navigation-with-an-interactive-worldwide-laboratory-using-smartphones","41"
"371","https://www.class-central.com/mooc/1957/coursera-programming-for-everybody-python","41"
"372","https://www.class-central.com/mooc/555/coursera-social-psychology","41"
"373","https://www.class-central.com/mooc/3292/coursera-fundamentals-of-project-planning-and-management","41"
"374","https://www.class-central.com/mooc/706/coursera-competitive-strategy","42"
"375","https://www.class-central.com/mooc/372/coursera-introduction-to-operations-management","42"
"376","https://www.class-central.com/mooc/648/coursera-new-models-of-business-in-society","42"
"377","https://www.class-central.com/mooc/714/coursera-critical-perspectives-on-management","42"
"378","https://www.class-central.com/mooc/2728/coursera-initiating-and-planning-projects","42"
"379","https://www.class-central.com/mooc/2730/coursera-managing-project-risks-and-changes","42"
"380","https://www.class-central.com/mooc/710/coursera-inspiring-leadership-through-emotional-intelligence","42"
"381","https://www.class-central.com/mooc/2720/coursera-fundamentals-of-management","42"
"382","https://www.class-central.com/mooc/2782/coursera-project-management-the-basics-for-success","42"
"383","https://www.class-central.com/mooc/2752/coursera-managerial-accounting-tools-for-facilitating-and-guiding-business-decisions","42"
"384","https://www.class-central.com/mooc/2750/coursera-marketing-in-a-digital-world","42"
"385","https://www.class-central.com/mooc/3292/coursera-fundamentals-of-project-planning-and-management","42"
"386","https://www.class-central.com/mooc/2707/coursera-scaling-operations-linking-strategy-and-execution","42"
"387","https://www.class-central.com/mooc/407/coursera-computational-photography","42"
"388","https://www.class-central.com/mooc/1372/coursera-globalization-of-business-enterprise","42"
"389","https://www.class-central.com/mooc/1844/coursera-better-leader-richer-life","42"
"390","https://www.class-central.com/mooc/1751/coursera-analyzing-global-trends-for-business-and-society","42"
"391","https://www.class-central.com/mooc/497/coursera-exercise-physiology-understanding-the-athlete-within","42"
"392","https://www.class-central.com/mooc/343/coursera-gamification","42"
"393","https://www.class-central.com/mooc/380/coursera-introductory-human-physiology","43"
"394","https://www.class-central.com/mooc/1887/coursera-vital-signs-understanding-what-the-body-is-telling-us","43"
"395","https://www.class-central.com/mooc/1606/coursera-understanding-the-brain-the-neurobiology-of-everyday-life","43"
"396","https://www.class-central.com/mooc/2055/coursera-our-energy-future","43"
"397","https://www.class-central.com/mooc/408/coursera-an-introduction-to-interactive-programming-in-python-part-1","43"
"398","https://www.class-central.com/mooc/424/coursera-a-beginner-s-guide-to-irrational-behavior","43"
"399","https://www.class-central.com/mooc/555/coursera-social-psychology","43"
"400","https://www.class-central.com/mooc/2234/edx-3-032x-mechanical-behavior-of-materials","43"
"401","https://www.class-central.com/mooc/420/coursera-critical-thinking-in-global-challenges","43"
"402","https://www.class-central.com/mooc/1349/coursera-data-analysis-and-statistical-inference","43"
"403","https://www.class-central.com/mooc/2900/coursera-psychological-first-aid","43"
"404","https://www.class-central.com/mooc/1957/coursera-programming-for-everybody-python","43"
"405","https://www.class-central.com/mooc/1368/coursera-bioinformatic-methods-i","43"
"406","https://www.class-central.com/mooc/487/coursera-discrete-optimization","44"
"407","https://www.class-central.com/mooc/596/coursera-mathematical-biostatistics-boot-camp-1","44"
"408","https://www.class-central.com/mooc/1371/coursera-international-leadership-and-organizational-behavior","44"
"409","https://www.class-central.com/mooc/2065/coursera-supply-chain-management-a-learning-perspective","44"
"410","https://www.class-central.com/mooc/2445/coursera-process-mining-data-science-in-action","44"
"411","https://www.class-central.com/mooc/1652/coursera---shi-ji-1","44"
"412","https://www.class-central.com/mooc/2163/coursera-questionnaire-design-for-social-surveys","44"
"413","https://www.class-central.com/mooc/2699/coursera-international-business-ii","44"
"414","https://www.class-central.com/mooc/744/coursera-social-and-economic-networks-models-and-analysis","44"
"415","https://www.class-central.com/mooc/2734/coursera-text-retrieval-and-search-engines","44"
"416","https://www.class-central.com/mooc/431/coursera-how-things-work-an-introduction-to-physics","44"
"417","https://www.class-central.com/mooc/343/coursera-gamification","44"
"418","https://www.class-central.com/mooc/381/coursera-introduction-to-genetics-and-evolution","44"
"419","https://www.class-central.com/mooc/1715/coursera-exploratory-data-analysis","44"
"420","https://www.class-central.com/mooc/2733/coursera-pattern-discovery-in-data-mining","44"
"421","https://www.class-central.com/mooc/1713/coursera-r-programming","44"
"422","https://www.class-central.com/mooc/1725/coursera-algorithmic-thinking-part-1","44"
"423","https://www.class-central.com/mooc/2735/coursera-cluster-analysis-in-data-mining","44"
"424","https://www.class-central.com/mooc/835/coursera-machine-learning","44"
"425","https://www.class-central.com/mooc/2883/coursera-welcome-to-game-theory","44"
"426","https://www.class-central.com/mooc/370/coursera-introduction-to-mathematical-thinking","44"
"427","https://www.class-central.com/mooc/451/coursera-introduction-to-data-science","44"
"428","https://www.class-central.com/mooc/566/coursera-a-brief-history-of-humankind","44"
"429","https://www.class-central.com/mooc/336/coursera-networked-life","44"
"430","https://www.class-central.com/mooc/720/coursera-linear-and-integer-programming","44"
"431","https://www.class-central.com/mooc/2244/edx-ut-7-01x-foundations-of-data-analysis","44"
"432","https://www.class-central.com/mooc/445/edx-cs188-1x-artificial-intelligence","44"
"433","https://www.class-central.com/mooc/2919/coursera-preparing-for-the-ap-calculus-ab-and-bc-exams-part-2-integral-calculus","44"
"434","https://www.class-central.com/mooc/505/coursera-coding-the-matrix-linear-algebra-through-computer-science-applications","44"
"435","https://www.class-central.com/mooc/1349/coursera-data-analysis-and-statistical-inference","44"
"436","https://www.class-central.com/mooc/2921/coursera-model-thinking--","44"
"437","https://www.class-central.com/mooc/420/coursera-critical-thinking-in-global-challenges","44"
"438","https://www.class-central.com/mooc/1372/coursera-globalization-of-business-enterprise","44"
"439","https://www.class-central.com/mooc/1844/coursera-better-leader-richer-life","44"
"440","https://www.class-central.com/mooc/766/coursera-crafting-an-effective-writer-tools-of-the-trade-fundamental-english-writing","44"
"441","https://www.class-central.com/mooc/2914/edx-ec1101x-principles-of-economics-with-calculus","44"
"442","https://www.class-central.com/mooc/1782/edx-colwri2-3x-academic-and-business-writing","44"
"443","https://www.class-central.com/mooc/2940/coursera-miracles-of-human-language-an-introduction-to-linguistics","45"
"444","https://www.class-central.com/mooc/1395/coursera-an-introduction-to-consumer-neuroscience-neuromarketing","45"
"445","https://www.class-central.com/mooc/2487/coursera-advertising-and-society","45"
"446","https://www.class-central.com/mooc/1137/coursera-introduction-to-marketing","45"
"447","https://www.class-central.com/mooc/1374/coursera-management-of-fashion-and-luxury-companies","45"
"448","https://www.class-central.com/mooc/727/coursera-content-strategy-for-professionals-engaging-audiences","45"
"449","https://www.class-central.com/mooc/2750/coursera-marketing-in-a-digital-world","45"
"450","https://www.class-central.com/mooc/714/coursera-critical-perspectives-on-management","45"
"451","https://www.class-central.com/mooc/596/coursera-mathematical-biostatistics-boot-camp-1","46"
"452","https://www.class-central.com/mooc/1719/coursera-practical-machine-learning","46"
"453","https://www.class-central.com/mooc/1715/coursera-exploratory-data-analysis","46"
"454","https://www.class-central.com/mooc/1716/coursera-reproducible-research","46"
"455","https://www.class-central.com/mooc/1712/coursera-the-data-scientist-s-toolbox","46"
"456","https://www.class-central.com/mooc/1713/coursera-r-programming","46"
"457","https://www.class-central.com/mooc/1725/coursera-algorithmic-thinking-part-1","46"
"458","https://www.class-central.com/mooc/835/coursera-machine-learning","46"
"459","https://www.class-central.com/mooc/1714/coursera-getting-and-cleaning-data","46"
"460","https://www.class-central.com/mooc/2919/coursera-preparing-for-the-ap-calculus-ab-and-bc-exams-part-2-integral-calculus","46"
"461","https://www.class-central.com/mooc/505/coursera-coding-the-matrix-linear-algebra-through-computer-science-applications","46"
"462","https://www.class-central.com/mooc/1349/coursera-data-analysis-and-statistical-inference","46"
"463","https://www.class-central.com/mooc/1362/coursera-the-brain-and-space","47"
"464","https://www.class-central.com/mooc/335/coursera-internet-history-technology-and-security","47"
"465","https://www.class-central.com/mooc/375/coursera-computer-science-101","47"
"466","https://www.class-central.com/mooc/2718/coursera-foundational-neuroscience-for-perception-and-action","47"
"467","https://www.class-central.com/mooc/422/coursera-functional-programming-principles-in-scala","48"
"468","https://www.class-central.com/mooc/596/coursera-mathematical-biostatistics-boot-camp-1","48"
"469","https://www.class-central.com/mooc/1715/coursera-exploratory-data-analysis","48"
"470","https://www.class-central.com/mooc/1713/coursera-r-programming","48"
"471","https://www.class-central.com/mooc/1725/coursera-algorithmic-thinking-part-1","48"
"472","https://www.class-central.com/mooc/2919/coursera-preparing-for-the-ap-calculus-ab-and-bc-exams-part-2-integral-calculus","48"
"473","https://www.class-central.com/mooc/505/coursera-coding-the-matrix-linear-algebra-through-computer-science-applications","48"
"474","https://www.class-central.com/mooc/1186/coursera-principles-of-reactive-programming","48"
"475","https://www.class-central.com/mooc/1349/coursera-data-analysis-and-statistical-inference","48"
"476","https://www.class-central.com/mooc/487/coursera-discrete-optimization","49"
"477","https://www.class-central.com/mooc/339/coursera-algorithms-part-i","49"
"478","https://www.class-central.com/mooc/616/coursera-cryptography-i","49"
"479","https://www.class-central.com/mooc/1076/coursera-calculus-two-sequences-and-series","49"
"480","https://www.class-central.com/mooc/744/coursera-social-and-economic-networks-models-and-analysis","49"
"481","https://www.class-central.com/mooc/2734/coursera-text-retrieval-and-search-engines","49"
"482","https://www.class-central.com/mooc/2733/coursera-pattern-discovery-in-data-mining","49"
"483","https://www.class-central.com/mooc/2735/coursera-cluster-analysis-in-data-mining","49"
"484","https://www.class-central.com/mooc/835/coursera-machine-learning","49"
"485","https://www.class-central.com/mooc/451/coursera-introduction-to-data-science","49"
"486","https://www.class-central.com/mooc/336/coursera-networked-life","49"
"487","https://www.class-central.com/mooc/720/coursera-linear-and-integer-programming","49"
"488","https://www.class-central.com/mooc/445/edx-cs188-1x-artificial-intelligence","49"
"489","https://www.class-central.com/mooc/1029/coursera-introduction-to-recommender-systems","49"
"490","https://www.class-central.com/mooc/308/coursera-game-theory","49"
"491","https://www.class-central.com/mooc/307/coursera-natural-language-processing","49"
"492","https://www.class-central.com/mooc/328/coursera-compilers","49"
"493","https://www.class-central.com/mooc/338/coursera-social-network-analysis","49"
"494","https://www.class-central.com/mooc/427/coursera-heterogeneous-parallel-programming","49"
"495","https://www.class-central.com/mooc/374/coursera-algorithms-design-and-analysis-part-1","49"
"496","https://www.class-central.com/mooc/426/coursera-algorithms-design-and-analysis-part-2","49"
"497","https://www.class-central.com/mooc/340/coursera-algorithms-part-ii","49"
"498","https://www.class-central.com/mooc/351/coursera-a-history-of-the-world-since-1300","49"
"499","https://www.class-central.com/mooc/2216/coursera-gps-an-introduction-to-satellite-navigation-with-an-interactive-worldwide-laboratory-using-smartphones","49"
"500","https://www.class-central.com/mooc/1371/coursera-international-leadership-and-organizational-behavior","50"
"501","https://www.class-central.com/mooc/2065/coursera-supply-chain-management-a-learning-perspective","50"
"502","https://www.class-central.com/mooc/2445/coursera-process-mining-data-science-in-action","50"
"503","https://www.class-central.com/mooc/1652/coursera---shi-ji-1","50"
"504","https://www.class-central.com/mooc/2163/coursera-questionnaire-design-for-social-surveys","50"
"505","https://www.class-central.com/mooc/2699/coursera-international-business-ii","50"
"506","https://www.class-central.com/mooc/431/coursera-how-things-work-an-introduction-to-physics","50"
"507","https://www.class-central.com/mooc/343/coursera-gamification","50"
"508","https://www.class-central.com/mooc/381/coursera-introduction-to-genetics-and-evolution","50"
"509","https://www.class-central.com/mooc/2883/coursera-welcome-to-game-theory","50"
"510","https://www.class-central.com/mooc/370/coursera-introduction-to-mathematical-thinking","50"
"511","https://www.class-central.com/mooc/566/coursera-a-brief-history-of-humankind","50"
"512","https://www.class-central.com/mooc/2921/coursera-model-thinking--","50"
"513","https://www.class-central.com/mooc/420/coursera-critical-thinking-in-global-challenges","50"
"514","https://www.class-central.com/mooc/1372/coursera-globalization-of-business-enterprise","50"
"515","https://www.class-central.com/mooc/1844/coursera-better-leader-richer-life","50"
"516","https://www.class-central.com/mooc/766/coursera-crafting-an-effective-writer-tools-of-the-trade-fundamental-english-writing","50"
"517","https://www.class-central.com/mooc/2914/edx-ec1101x-principles-of-economics-with-calculus","50"
"518","https://www.class-central.com/mooc/1782/edx-colwri2-3x-academic-and-business-writing","50"
"519","https://www.class-central.com/mooc/1705/coursera-the-french-revolution","51"
"520","https://www.class-central.com/mooc/690/coursera-history-of-rock-part-one","51"
"521","https://www.class-central.com/mooc/1269/coursera-how-to-change-the-world","51"
"522","https://www.class-central.com/mooc/722/coursera-from-the-big-bang-to-dark-energy","51"
"523","https://www.class-central.com/mooc/418/coursera-introduction-to-philosophy","51"
"524","https://www.class-central.com/mooc/2840/coursera-economics-of-transition-and-emerging-markets","51"
"525","https://www.class-central.com/mooc/912/coursera-financial-markets","51"
"526","https://www.class-central.com/mooc/610/edx-justice","51"
"527","https://www.class-central.com/mooc/1845/edx-china-part-4-literati-china-examinations-and-neo-confucianism","51"
"528","https://www.class-central.com/mooc/1986/edx-china-part-6-the-manchus-and-the-qing-dynasty","51"
"529","https://www.class-central.com/mooc/2468/edx-china-part-8-creating-modern-china-the-birth-of-a-nation","51"
"530","https://www.class-central.com/mooc/810/edx-ideas-of-the-twentieth-century","51"
"531","https://www.class-central.com/mooc/1988/edx-china-part-5-from-a-global-empire-under-the-mongols-to-a-global-economy-under-the-ming-dynasty","51"
"532","https://www.class-central.com/mooc/1834/edx-war-for-the-greater-middle-east","51"
"533","https://www.class-central.com/mooc/1528/edx-an-introduction-to-credit-risk-management","51"
"534","https://www.class-central.com/mooc/920/coursera-globalization-and-you","51"
"535","https://www.class-central.com/mooc/1599/edx-anu-india1x-engaging-india","51"
"536","https://www.class-central.com/mooc/769/coursera-introduction-to-financial-accounting","52"
"537","https://www.class-central.com/mooc/1395/coursera-an-introduction-to-consumer-neuroscience-neuromarketing","52"
"538","https://www.class-central.com/mooc/2136/coursera-social-impact-strategy-tools-for-entrepreneurs-and-innovators","52"
"539","https://www.class-central.com/mooc/710/coursera-inspiring-leadership-through-emotional-intelligence","52"
"540","https://www.class-central.com/mooc/840/coursera-developing-innovative-ideas-for-new-companies-the-first-step-in-entrepreneurship","52"
"541","https://www.class-central.com/mooc/2708/coursera-innovation-for-entrepreneurs-from-idea-to-marketplace","52"
"542","https://www.class-central.com/mooc/2750/coursera-marketing-in-a-digital-world","52"
"543","https://www.class-central.com/mooc/1751/coursera-analyzing-global-trends-for-business-and-society","52"
"544","https://www.class-central.com/mooc/2709/coursera-new-venture-finance-startup-funding-for-entrepreneurs","52"
"545","https://www.class-central.com/mooc/1527/edx-entrepreneurship-101-who-is-your-customer","52"
"546","https://www.class-central.com/mooc/3472/coursera-introduction-to-genomic-technologies","53"
"547","https://www.class-central.com/mooc/1811/coursera-personal-family-financial-planning","53"
"548","https://www.class-central.com/mooc/2860/coursera-a-life-of-happiness-and-fulfillment","53"
"549","https://www.class-central.com/mooc/706/coursera-competitive-strategy","53"
"550","https://www.class-central.com/mooc/1368/coursera-bioinformatic-methods-i","53"
"551","https://www.class-central.com/mooc/1856/coursera-advanced-competitive-strategy","53"
"552","https://www.class-central.com/mooc/372/coursera-introduction-to-operations-management","53"
"553","https://www.class-central.com/mooc/1137/coursera-introduction-to-marketing","53"
"554","https://www.class-central.com/mooc/491/coursera-network-analysis-in-systems-biology","53"
"555","https://www.class-central.com/mooc/636/coursera-games-without-chance-combinatorial-game-theory","53"
"556","https://www.class-central.com/mooc/1749/coursera-bioinformatic-methods-ii","53"
"557","https://www.class-central.com/mooc/408/coursera-an-introduction-to-interactive-programming-in-python-part-1","53"
"558","https://www.class-central.com/mooc/2900/coursera-psychological-first-aid","53"
"559","https://www.class-central.com/mooc/1765/coursera-introduction-to-human-behavioral-genetics","53"
"560","https://www.class-central.com/mooc/1264/coursera-introduction-to-forensic-science","53"
"561","https://www.class-central.com/mooc/329/coursera-introduction-to-logic","53"
"562","https://www.class-central.com/mooc/424/coursera-a-beginner-s-guide-to-irrational-behavior","53"
"563","https://www.class-central.com/mooc/888/coursera-case-based-introduction-to-biostatistics","53"
"564","https://www.class-central.com/mooc/555/coursera-social-psychology","53"
"565","https://www.class-central.com/mooc/383/coursera-think-again-how-to-reason-and-argue","53"
"566","https://www.class-central.com/mooc/769/coursera-introduction-to-financial-accounting","53"
"567","https://www.class-central.com/mooc/625/coursera-introduction-to-corporate-finance","53"
"568","https://www.class-central.com/mooc/1054/coursera-the-power-of-microeconomics-economic-principles-in-the-real-world","53"
"569","https://www.class-central.com/mooc/2286/coursera-corporate-finance-essentials","53"
"570","https://www.class-central.com/mooc/1491/edx-introduction-to-aeronautical-engineering","53"
"571","https://www.class-central.com/mooc/2463/coursera-surveillance-law","53"
"572","https://www.class-central.com/mooc/345/coursera-introduction-to-finance","53"
"573","https://www.class-central.com/mooc/2944/coursera-chemistry","53"
"574","https://www.class-central.com/mooc/2065/coursera-supply-chain-management-a-learning-perspective","53"
"575","https://www.class-central.com/mooc/2728/coursera-initiating-and-planning-projects","53"
"576","https://www.class-central.com/mooc/2782/coursera-project-management-the-basics-for-success","53"
"577","https://www.class-central.com/mooc/3292/coursera-fundamentals-of-project-planning-and-management","53"
"578","https://www.class-central.com/mooc/824/coursera-computer-networks","53"
"579","https://www.class-central.com/mooc/648/coursera-new-models-of-business-in-society","53"
"580","https://www.class-central.com/mooc/714/coursera-critical-perspectives-on-management","53"
"581","https://www.class-central.com/mooc/2730/coursera-managing-project-risks-and-changes","53"
"582","https://www.class-central.com/mooc/710/coursera-inspiring-leadership-through-emotional-intelligence","53"
"583","https://www.class-central.com/mooc/2720/coursera-fundamentals-of-management","53"
"584","https://www.class-central.com/mooc/2752/coursera-managerial-accounting-tools-for-facilitating-and-guiding-business-decisions","53"
"585","https://www.class-central.com/mooc/407/coursera-computational-photography","53"
"586","https://www.class-central.com/mooc/1372/coursera-globalization-of-business-enterprise","53"
"587","https://www.class-central.com/mooc/1844/coursera-better-leader-richer-life","53"
"588","https://www.class-central.com/mooc/497/coursera-exercise-physiology-understanding-the-athlete-within","53"
"589","https://www.class-central.com/mooc/335/coursera-internet-history-technology-and-security","54"
"590","https://www.class-central.com/mooc/309/coursera-probabilistic-graphical-models-1-representation","54"
"591","https://www.class-central.com/mooc/408/coursera-an-introduction-to-interactive-programming-in-python-part-1","54"
"592","https://www.class-central.com/mooc/1724/coursera-principles-of-computing-part-1","54"
"593","https://www.class-central.com/mooc/1496/edx-introduction-to-probability-the-science-of-uncertainty","54"
"594","https://www.class-central.com/mooc/3196/coursera-an-introduction-to-interactive-programming-in-python-part-2","54"
"595","https://www.class-central.com/mooc/1857/edx-introduction-to-linux","54"
"596","https://www.class-central.com/mooc/1957/coursera-programming-for-everybody-python","54"
"597","https://www.class-central.com/mooc/2460/coursera-successful-negotiation-essential-strategies-and-skills","55"
"598","https://www.class-central.com/mooc/648/coursera-new-models-of-business-in-society","55"
"599","https://www.class-central.com/mooc/889/coursera-introduction-to-public-speaking","55"
"600","https://www.class-central.com/mooc/463/coursera-grow-to-greatness-smart-growth-for-private-businesses-part-ii","55"
"601","https://www.class-central.com/mooc/2750/coursera-marketing-in-a-digital-world","55"
"602","https://www.class-central.com/mooc/2452/coursera-introduction-to-sustainable-development","55"
"603","https://www.class-central.com/mooc/2353/coursera-chinese-for-beginners","56"
"604","https://www.class-central.com/mooc/2943/coursera-positive-psychology","56"
"605","https://www.class-central.com/mooc/3472/coursera-introduction-to-genomic-technologies","56"
"606","https://www.class-central.com/mooc/380/coursera-introductory-human-physiology","56"
"607","https://www.class-central.com/mooc/487/coursera-discrete-optimization","56"
"608","https://www.class-central.com/mooc/3007/coursera-astronomy-exploring-time-and-space","56"
"609","https://www.class-central.com/mooc/596/coursera-mathematical-biostatistics-boot-camp-1","56"
"610","https://www.class-central.com/mooc/2860/coursera-a-life-of-happiness-and-fulfillment","56"
"611","https://www.class-central.com/mooc/706/coursera-competitive-strategy","56"
"612","https://www.class-central.com/mooc/1368/coursera-bioinformatic-methods-i","56"
"613","https://www.class-central.com/mooc/1887/coursera-vital-signs-understanding-what-the-body-is-telling-us","56"
"614","https://www.class-central.com/mooc/1856/coursera-advanced-competitive-strategy","56"
"615","https://www.class-central.com/mooc/372/coursera-introduction-to-operations-management","56"
"616","https://www.class-central.com/mooc/769/coursera-introduction-to-financial-accounting","56"
"617","https://www.class-central.com/mooc/1403/coursera-the-addicted-brain","56"
"618","https://www.class-central.com/mooc/1371/coursera-international-leadership-and-organizational-behavior","56"
"619","https://www.class-central.com/mooc/2305/coursera-gut-check-exploring-your-microbiome","56"
"620","https://www.class-central.com/mooc/2944/coursera-chemistry","56"
"621","https://www.class-central.com/mooc/335/coursera-internet-history-technology-and-security","56"
"622","https://www.class-central.com/mooc/1137/coursera-introduction-to-marketing","56"
"623","https://www.class-central.com/mooc/1606/coursera-understanding-the-brain-the-neurobiology-of-everyday-life","56"
"624","https://www.class-central.com/mooc/2065/coursera-supply-chain-management-a-learning-perspective","56"
"625","https://www.class-central.com/mooc/2445/coursera-process-mining-data-science-in-action","56"
"626","https://www.class-central.com/mooc/564/coursera-introduction-to-engineering-mechanics","56"
"627","https://www.class-central.com/mooc/1652/coursera---shi-ji-1","56"
"628","https://www.class-central.com/mooc/2136/coursera-social-impact-strategy-tools-for-entrepreneurs-and-innovators","56"
"629","https://www.class-central.com/mooc/616/coursera-cryptography-i","56"
"630","https://www.class-central.com/mooc/1076/coursera-calculus-two-sequences-and-series","56"
"631","https://www.class-central.com/mooc/2055/coursera-our-energy-future","56"
"632","https://www.class-central.com/mooc/2163/coursera-questionnaire-design-for-social-surveys","56"
"633","https://www.class-central.com/mooc/2699/coursera-international-business-ii","56"
"634","https://www.class-central.com/mooc/491/coursera-network-analysis-in-systems-biology","56"
"635","https://www.class-central.com/mooc/648/coursera-new-models-of-business-in-society","56"
"636","https://www.class-central.com/mooc/636/coursera-games-without-chance-combinatorial-game-theory","56"
"637","https://www.class-central.com/mooc/744/coursera-social-and-economic-networks-models-and-analysis","56"
"638","https://www.class-central.com/mooc/1178/coursera-programming-mobile-applications-for-android-handheld-systems-part-1","56"
"639","https://www.class-central.com/mooc/2734/coursera-text-retrieval-and-search-engines","56"
"640","https://www.class-central.com/mooc/2727/coursera-work-smarter-not-harder-time-management-for-personal-professional-productivity","56"
"641","https://www.class-central.com/mooc/1749/coursera-bioinformatic-methods-ii","56"
"642","https://www.class-central.com/mooc/2728/coursera-initiating-and-planning-projects","56"
"643","https://www.class-central.com/mooc/309/coursera-probabilistic-graphical-models-1-representation","56"
"644","https://www.class-central.com/mooc/431/coursera-how-things-work-an-introduction-to-physics","56"
"645","https://www.class-central.com/mooc/343/coursera-gamification","56"
"646","https://www.class-central.com/mooc/381/coursera-introduction-to-genetics-and-evolution","56"
"647","https://www.class-central.com/mooc/730/coursera-exploring-beethoven-s-piano-sonatas","56"
"648","https://www.class-central.com/mooc/2782/coursera-project-management-the-basics-for-success","56"
"649","https://www.class-central.com/mooc/3076/coursera-programming-mobile-applications-for-android-handheld-systems-part-2","56"
"650","https://www.class-central.com/mooc/522/coursera-introduction-to-guitar","56"
"651","https://www.class-central.com/mooc/2733/coursera-pattern-discovery-in-data-mining","56"
"652","https://www.class-central.com/mooc/408/coursera-an-introduction-to-interactive-programming-in-python-part-1","56"
"653","https://www.class-central.com/mooc/840/coursera-developing-innovative-ideas-for-new-companies-the-first-step-in-entrepreneurship","56"
"654","https://www.class-central.com/mooc/1712/coursera-the-data-scientist-s-toolbox","56"
"655","https://www.class-central.com/mooc/1724/coursera-principles-of-computing-part-1","56"
"656","https://www.class-central.com/mooc/2708/coursera-innovation-for-entrepreneurs-from-idea-to-marketplace","56"
"657","https://www.class-central.com/mooc/2900/coursera-psychological-first-aid","56"
"658","https://www.class-central.com/mooc/3016/coursera-metaliteracy-empowering-yourself-in-a-connected-world","56"
"659","https://www.class-central.com/mooc/889/coursera-introduction-to-public-speaking","56"
"660","https://www.class-central.com/mooc/2709/coursera-new-venture-finance-startup-funding-for-entrepreneurs","56"
"661","https://www.class-central.com/mooc/2735/coursera-cluster-analysis-in-data-mining","56"
"662","https://www.class-central.com/mooc/835/coursera-machine-learning","56"
"663","https://www.class-central.com/mooc/2161/coursera-learning-how-to-learn-powerful-mental-tools-to-help-you-master-tough-subjects","56"
"664","https://www.class-central.com/mooc/1029/coursera-introduction-to-recommender-systems","56"
"665","https://www.class-central.com/mooc/2667/coursera-the-bilingual-brain","56"
"666","https://www.class-central.com/mooc/396/coursera-an-introduction-to-the-u-s-food-system-perspectives-from-public-health","56"
"667","https://www.class-central.com/mooc/484/coursera-fundamentals-of-personal-financial-planning","56"
"668","https://www.class-central.com/mooc/383/coursera-think-again-how-to-reason-and-argue","56"
"669","https://www.class-central.com/mooc/1765/coursera-introduction-to-human-behavioral-genetics","56"
"670","https://www.class-central.com/mooc/2883/coursera-welcome-to-game-theory","56"
"671","https://www.class-central.com/mooc/912/coursera-financial-markets","56"
"672","https://www.class-central.com/mooc/1264/coursera-introduction-to-forensic-science","56"
"673","https://www.class-central.com/mooc/329/coursera-introduction-to-logic","56"
"674","https://www.class-central.com/mooc/424/coursera-a-beginner-s-guide-to-irrational-behavior","56"
"675","https://www.class-central.com/mooc/888/coursera-case-based-introduction-to-biostatistics","56"
"676","https://www.class-central.com/mooc/555/coursera-social-psychology","56"
"677","https://www.class-central.com/mooc/1349/coursera-data-analysis-and-statistical-inference","56"
"678","https://www.class-central.com/mooc/1969/coursera-representaciones-culturales-de-las-sexualidades","56"
"679","https://www.class-central.com/mooc/2234/edx-3-032x-mechanical-behavior-of-materials","56"
"680","https://www.class-central.com/mooc/420/coursera-critical-thinking-in-global-challenges","56"
"681","https://www.class-central.com/mooc/1957/coursera-programming-for-everybody-python","56"
"682","https://www.class-central.com/mooc/451/coursera-introduction-to-data-science","56"
"683","https://www.class-central.com/mooc/336/coursera-networked-life","56"
"684","https://www.class-central.com/mooc/720/coursera-linear-and-integer-programming","56"
"685","https://www.class-central.com/mooc/2244/edx-ut-7-01x-foundations-of-data-analysis","56"
"686","https://www.class-central.com/mooc/445/edx-cs188-1x-artificial-intelligence","56"
"687","https://www.class-central.com/mooc/317/coursera-model-thinking","56"
"688","https://www.class-central.com/mooc/1813/coursera-the-science-of-the-solar-system","56"
"689","https://www.class-central.com/mooc/1454/coursera-logic-language-and-information-1","56"
"690","https://www.class-central.com/mooc/345/coursera-introduction-to-finance","56"
"691","https://www.class-central.com/mooc/401/coursera-galaxies-and-cosmology","56"
"692","https://www.class-central.com/mooc/3292/coursera-fundamentals-of-project-planning-and-management","56"
"693","https://www.class-central.com/mooc/546/coursera-foundations-of-business-strategy","56"
"694","https://www.class-central.com/mooc/824/coursera-computer-networks","56"
"695","https://www.class-central.com/mooc/1522/coursera-marine-megafauna-an-introduction-to-marine-science-and-conservation","56"
"696","https://www.class-central.com/mooc/370/coursera-introduction-to-mathematical-thinking","56"
"697","https://www.class-central.com/mooc/566/coursera-a-brief-history-of-humankind","56"
"698","https://www.class-central.com/mooc/2921/coursera-model-thinking--","56"
"699","https://www.class-central.com/mooc/1372/coursera-globalization-of-business-enterprise","56"
"700","https://www.class-central.com/mooc/1844/coursera-better-leader-richer-life","56"
"701","https://www.class-central.com/mooc/766/coursera-crafting-an-effective-writer-tools-of-the-trade-fundamental-english-writing","56"
"702","https://www.class-central.com/mooc/2914/edx-ec1101x-principles-of-economics-with-calculus","56"
"703","https://www.class-central.com/mooc/1782/edx-colwri2-3x-academic-and-business-writing","56"
"704","https://www.class-central.com/mooc/1527/edx-entrepreneurship-101-who-is-your-customer","56"
"705","https://www.class-central.com/mooc/351/coursera-a-history-of-the-world-since-1300","56"
"706","https://www.class-central.com/mooc/2216/coursera-gps-an-introduction-to-satellite-navigation-with-an-interactive-worldwide-laboratory-using-smartphones","56"
"707","https://www.class-central.com/mooc/2452/coursera-introduction-to-sustainable-development","56"
"708","https://www.class-central.com/mooc/429/coursera-creative-serious-and-playful-science-of-android-apps","56"
"709","https://www.class-central.com/mooc/1496/edx-introduction-to-probability-the-science-of-uncertainty","56"
"710","https://www.class-central.com/mooc/391/coursera-nutrition-for-health-promotion-and-disease-prevention","56"
"711","https://www.class-central.com/mooc/1816/coursera-web-application-architectures","56"
"712","https://www.class-central.com/mooc/413/coursera-nanotechnology-the-basics","56"
"713","https://www.class-central.com/mooc/1781/edx-the-science-of-happiness","56"
"714","https://www.class-central.com/mooc/616/coursera-cryptography-i","57"
"715","https://www.class-central.com/mooc/1076/coursera-calculus-two-sequences-and-series","57"
"716","https://www.class-central.com/mooc/351/coursera-a-history-of-the-world-since-1300","57"
"717","https://www.class-central.com/mooc/2216/coursera-gps-an-introduction-to-satellite-navigation-with-an-interactive-worldwide-laboratory-using-smartphones","57"
"718","https://www.class-central.com/mooc/1813/coursera-the-science-of-the-solar-system","57"
"719","https://www.class-central.com/mooc/1957/coursera-programming-for-everybody-python","57"
"720","https://www.class-central.com/mooc/3472/coursera-introduction-to-genomic-technologies","58"
"721","https://www.class-central.com/mooc/596/coursera-mathematical-biostatistics-boot-camp-1","58"
"722","https://www.class-central.com/mooc/706/coursera-competitive-strategy","58"
"723","https://www.class-central.com/mooc/1368/coursera-bioinformatic-methods-i","58"
"724","https://www.class-central.com/mooc/1856/coursera-advanced-competitive-strategy","58"
"725","https://www.class-central.com/mooc/372/coursera-introduction-to-operations-management","58"
"726","https://www.class-central.com/mooc/491/coursera-network-analysis-in-systems-biology","58"
"727","https://www.class-central.com/mooc/636/coursera-games-without-chance-combinatorial-game-theory","58"
"728","https://www.class-central.com/mooc/1749/coursera-bioinformatic-methods-ii","58"
"729","https://www.class-central.com/mooc/408/coursera-an-introduction-to-interactive-programming-in-python-part-1","58"
"730","https://www.class-central.com/mooc/2900/coursera-psychological-first-aid","58"
"731","https://www.class-central.com/mooc/1765/coursera-introduction-to-human-behavioral-genetics","58"
"732","https://www.class-central.com/mooc/2883/coursera-welcome-to-game-theory","58"
"733","https://www.class-central.com/mooc/912/coursera-financial-markets","58"
"734","https://www.class-central.com/mooc/1264/coursera-introduction-to-forensic-science","58"
"735","https://www.class-central.com/mooc/329/coursera-introduction-to-logic","58"
"736","https://www.class-central.com/mooc/424/coursera-a-beginner-s-guide-to-irrational-behavior","58"
"737","https://www.class-central.com/mooc/888/coursera-case-based-introduction-to-biostatistics","58"
"738","https://www.class-central.com/mooc/555/coursera-social-psychology","58"
"739","https://www.class-central.com/mooc/383/coursera-think-again-how-to-reason-and-argue","58"
"740","https://www.class-central.com/mooc/1349/coursera-data-analysis-and-statistical-inference","58"
