course,reviewer,date
47046,/accounts/profile/odyszeus,2016-01-05
14098,/accounts/profile/henry19,2016-05-22
19241,/accounts/profile/paulhundal1,2016-04-01
51362,/accounts/profile/paulhundal1,2016-04-13
48832,/accounts/profile/sekrst,2016-04-27
45509,/accounts/profile/randy11,2016-02-06
45510,/accounts/profile/lau4,2016-06-10
81878,/accounts/profile/paulhundal1,2016-03-10
34840,/accounts/profile/kevin66,2016-05-28
34840,/accounts/profile/kingstonn,2016-02-21
82602,/accounts/profile/melinda,2016-02-09
82602,/accounts/profile/nalin,2016-02-09
45217,/accounts/profile/hannaedwards1,2016-06-10
69742,/accounts/profile/francoisfernando1,2016-06-01
69742,/accounts/profile/ericdocode,2016-04-06
69742,/accounts/profile/olivier-d-44,2016-02-25
69742,/accounts/profile/krzysztofstrug,2016-02-04
69854,/accounts/profile/nittin49,2016-02-26
69854,/accounts/profile/akshay,2016-02-22
36404,/accounts/profile/dmitry24,2016-05-30
36404,/accounts/profile/trang4,2016-04-05
36404,/accounts/profile/k-hole,2016-03-30
36404,/accounts/profile/claire10,2016-03-18
36404,/accounts/profile/eva11,2016-03-17
36404,/accounts/profile/danilo_d.,2016-03-04
36404,/accounts/profile/pappygrano,2016-03-03
36404,/accounts/profile/alexandrubarbovschi,2016-03-03
36404,/accounts/profile/rosina.godwin1,2016-03-02
36404,/accounts/profile/dee2,2016-03-02
36404,/accounts/profile/milad.gholami,2016-03-02
36404,/accounts/profile/amie2,2016-03-02
36404,/accounts/profile/dave.l,2016-03-02
36404,/accounts/profile/nikita15,2016-03-02
36404,/accounts/profile/at3,2016-03-02
36404,/accounts/profile/rishaal,2016-03-01
36404,/accounts/profile/charles24,2016-03-01
36404,/accounts/profile/birdset,2016-02-08
36404,/accounts/profile/fabian6,2016-02-01
36404,/accounts/profile/gary15,2016-01-04
82610,/accounts/profile/educacionybiencomun,2016-03-07
47058,/accounts/profile/paulhundal1,2016-05-05
81425,/accounts/profile/nourdiri94,2016-03-27
45452,/accounts/profile/jenny18,2016-06-29
90812,/accounts/profile/francisco21,2016-06-29
36379,/accounts/profile/raisul_s._m.,2016-01-01
80164,/accounts/profile/paulhundal1,2016-04-22
90815,/accounts/profile/carlos58,2016-01-17
90815,/accounts/profile/nancy11,2016-01-17
83111,/accounts/profile/claudio8,2016-02-14
36466,/accounts/profile/hannaedwards1,2016-03-28
36466,/accounts/profile/claudio8,2016-01-08
83109,/accounts/profile/rajkumarr.310593,2016-06-21
83109,/accounts/profile/chris83,2016-06-18
83109,/accounts/profile/atul10,2016-06-09
83109,/accounts/profile/quang7,2016-05-25
83109,/accounts/profile/joshiamanggala15,2016-05-18
83109,/accounts/profile/suvendu2,2016-05-16
83109,/accounts/profile/carlos76,2016-05-13
83109,/accounts/profile/thulsy,2016-05-12
83109,/accounts/profile/ragini,2016-05-10
83109,/accounts/profile/ankit23,2016-05-04
83109,/accounts/profile/batmans_byte,2016-05-03
83109,/accounts/profile/olivasfa,2016-04-18
83109,/accounts/profile/matthew43,2016-04-15
83109,/accounts/profile/ravi16,2016-03-25
83109,/accounts/profile/giuseppe11,2016-03-05
83109,/accounts/profile/mssmss688,2016-02-23
83109,/accounts/profile/lm891113,2016-02-16
83109,/accounts/profile/govindarajan,2016-02-13
83109,/accounts/profile/anuj3,2016-02-12
83109,/accounts/profile/akinsola,2016-01-28
83109,/accounts/profile/babangida,2016-01-23
83109,/accounts/profile/rene_alfredo,2016-01-06
83109,/accounts/profile/jan.hartung,2016-01-01
81056,/accounts/profile/dr.mutasim,2016-04-21
47761,/accounts/profile/crusaderoflight4,2016-04-06
47063,/accounts/profile/aniruddha,2016-04-21
47063,/accounts/profile/sacha4,2016-04-15
47063,/accounts/profile/sekrst,2016-03-22
83112,/accounts/profile/selfa4life,2016-03-07
83112,/accounts/profile/conroy.iwhiwhu,2016-02-13
83112,/accounts/profile/ingrid3,2016-01-05
83112,/accounts/profile/hesham7,2016-01-04
45518,/accounts/profile/dwillson,2016-03-08
45518,/accounts/profile/donaldleetruittjr,2016-03-03
45518,/accounts/profile/javillar,2016-01-14
14133,/accounts/profile/paulhundal1,2016-03-13
51341,/accounts/profile/sekrst,2016-03-06
51341,/accounts/profile/paulhundal1,2016-02-11
69880,/accounts/profile/matthew43,2016-04-15
34575,/accounts/profile/locdang54,2016-03-20
69858,/accounts/profile/gargdipti,2016-06-30
69858,/accounts/profile/msvignesh23,2016-06-29
69858,/accounts/profile/jingxian,2016-06-28
69232,/accounts/profile/tugba2,2016-01-24
80768,/accounts/profile/harold10,2016-04-29
80768,/accounts/profile/maria_raquel,2016-01-14
45517,/accounts/profile/suleimalinan22,2016-02-10
70223,/accounts/profile/stevenfrank,2016-01-30
51484,/accounts/profile/dillysdaffour,2016-03-22
69218,/accounts/profile/aajibaja,2016-06-24
81876,/accounts/profile/prashantfromindia,2016-06-13
81876,/accounts/profile/coursetalk@dyce.com,2016-05-10
81876,/accounts/profile/hassetung,2016-04-02
81876,/accounts/profile/nikospapasavvas,2016-01-01
81876,/accounts/profile/krzysztofstrug,2016-02-04
48819,/accounts/profile/paulhundal1,2016-02-13
48819,/accounts/profile/sekrst,2016-01-03
45486,/accounts/profile/paulhundal1,2016-06-19
45486,/accounts/profile/claudio8,2016-02-14
51339,/accounts/profile/marlies2,2016-01-26
46996,/accounts/profile/michael144,2016-04-08
46996,/accounts/profile/ewastudent3,2016-04-08
46996,/accounts/profile/ewastudent2,2016-04-08
46996,/accounts/profile/zia4,2016-05-04
34639,/accounts/profile/paulhundal1,2016-05-11
48089,/accounts/profile/bojana387,2016-04-10
48089,/accounts/profile/pietrotech,2016-03-01
48089,/accounts/profile/claudio8,2016-02-14
82175,/accounts/profile/anjali3,2016-06-14
51366,/accounts/profile/ajala,2016-01-10
70219,/accounts/profile/ahmed344,2016-06-30
70219,/accounts/profile/nelsy.castillo,2016-06-29
70219,/accounts/profile/alan25,2016-06-28
70219,/accounts/profile/leonardo26,2016-06-27
70219,/accounts/profile/akshya,2016-06-27
70219,/accounts/profile/andres40,2016-06-25
70219,/accounts/profile/lucie,2016-06-23
70219,/accounts/profile/alexander66,2016-06-22
70219,/accounts/profile/kakr2795,2016-06-21
70219,/accounts/profile/jose_anibal,2016-06-20
70219,/accounts/profile/mounika132,2016-06-14
70219,/accounts/profile/o.eletreby,2016-06-14
70219,/accounts/profile/aakash6,2016-06-09
70219,/accounts/profile/scovildj,2016-06-08
70219,/accounts/profile/chigombeya,2016-06-06
70219,/accounts/profile/alex112,2016-06-05
70219,/accounts/profile/bishal.bhu.nitk,2016-05-24
70219,/accounts/profile/madhuvarma369,2016-05-21
70219,/accounts/profile/soutrik,2016-05-19
70219,/accounts/profile/elvisilunga,2016-05-19
70219,/accounts/profile/oksana4,2016-05-13
70219,/accounts/profile/emmanuel17,2016-05-03
70219,/accounts/profile/tomasz6,2016-05-02
70219,/accounts/profile/hieu8492,2016-04-28
70219,/accounts/profile/eduardo30,2016-04-16
70219,/accounts/profile/lawrence3,2016-04-12
70219,/accounts/profile/jonathan_andres,2016-04-11
70219,/accounts/profile/giorgi6,2016-03-30
70219,/accounts/profile/henrysanchez0286,2016-03-22
70219,/accounts/profile/gabz,2016-03-10
70219,/accounts/profile/arzoo,2016-03-06
70219,/accounts/profile/ivan46,2016-02-09
70219,/accounts/profile/marsed.harizi,2016-01-29
70219,/accounts/profile/alexandre22,2016-01-26
70219,/accounts/profile/carlos.cuenca,2016-01-13
70219,/accounts/profile/mateusz6,2016-01-06
70219,/accounts/profile/george40,2016-01-04
70219,/accounts/profile/skymen04,2016-01-04
69985,/accounts/profile/claudio8,2016-01-08
34453,/accounts/profile/samir.benjelloun.dk,2016-02-19
69877,/accounts/profile/paulhundal1,2016-03-10
69195,/accounts/profile/philip9,2016-02-16
83108,/accounts/profile/etienne4,2016-06-28
83108,/accounts/profile/arvindsingh802,2016-05-16
83108,/accounts/profile/jasonwhurley,2016-04-14
83108,/accounts/profile/igor28,2016-03-11
83108,/accounts/profile/ahsan3,2016-03-01
83108,/accounts/profile/ceeb,2016-01-14
81719,/accounts/profile/mohamed.samy.k@gmail.com,2016-06-02
81719,/accounts/profile/joemamemajano,2016-03-13
47006,/accounts/profile/mrschoolfiles,2016-01-11
47006,/accounts/profile/jgarciatoscano,2016-03-29
47006,/accounts/profile/francisco17,2016-03-28
47006,/accounts/profile/eugenioruiz,2016-03-22
47006,/accounts/profile/avilezeduardo0926,2016-03-19
47006,/accounts/profile/pedro.puelles,2016-03-16
47006,/accounts/profile/jl2,2016-03-01
47006,/accounts/profile/edygohe,2016-03-01
45321,/accounts/profile/davide7,2016-04-10
45337,/accounts/profile/josh15,2016-03-28
45337,/accounts/profile/marlies2,2016-01-26
45337,/accounts/profile/likeroswell,2016-03-28
45337,/accounts/profile/maureen5,2016-03-13
80961,/accounts/profile/perrosilencio,2016-06-18
80961,/accounts/profile/rohunshaikh,2016-06-13
80961,/accounts/profile/khlgatyan-1983,2016-06-13
80961,/accounts/profile/junaidfe90@gmail.com,2016-06-12
80961,/accounts/profile/abualihassan2005,2016-06-09
48093,/accounts/profile/drshtito,2016-01-20
66273,/accounts/profile/blackbaldgorilla@shaw.ca,2016-05-08
66273,/accounts/profile/paulhundal1,2016-05-08
83014,/accounts/profile/danimerk,2016-03-16
29193,/accounts/profile/sandra_eghobamien,2016-02-04
51560,/accounts/profile/sekrst,2016-06-05
51560,/accounts/profile/paulhundal1,2016-05-17
83107,/accounts/profile/hannaedwards1,2016-03-24
51488,/accounts/profile/michael144,2016-04-08
51488,/accounts/profile/ewastudent2,2016-04-08
51488,/accounts/profile/ewastudent3,2016-04-08
82101,/accounts/profile/anthony.j.borla,2016-06-12
89756,/accounts/profile/stevenfrank,2016-06-23
69550,/accounts/profile/burenjargal,2016-01-11
69550,/accounts/profile/mostafa44,2016-01-20
69550,/accounts/profile/javier36,2016-01-19
69550,/accounts/profile/luciano9,2016-01-17
69550,/accounts/profile/lasisi.sulaimon,2016-01-12
69550,/accounts/profile/itsnudratfatima,2016-01-11
69550,/accounts/profile/enas2,2016-01-11
69550,/accounts/profile/paul.mensah33,2016-01-11
69550,/accounts/profile/victoria9,2016-01-11
69550,/accounts/profile/medhatahmed19,2016-01-11
69550,/accounts/profile/leandro8,2016-01-10
69550,/accounts/profile/anna_kolesnikova20,2016-01-08
69550,/accounts/profile/zahangir,2016-01-05
69550,/accounts/profile/maka2,2016-01-05
69550,/accounts/profile/subarna2,2016-01-01
78569,/accounts/profile/akshay,2016-02-21
49420,/accounts/profile/anks.shrivastav,2016-01-23
82886,/accounts/profile/marcos16,2016-04-09
82886,/accounts/profile/omojomi,2016-02-21
47048,/accounts/profile/claudio8,2016-02-14
46995,/accounts/profile/lucho2,2016-06-14
34835,/accounts/profile/feiyuan2,2016-03-18
3133,/accounts/profile/claudio8,2016-01-08
83015,/accounts/profile/shovon.sylhet,2016-06-26
83015,/accounts/profile/frank31,2016-06-24
83015,/accounts/profile/barkha2,2016-06-17
83015,/accounts/profile/vinay24,2016-06-17
83015,/accounts/profile/leriss,2016-06-15
83015,/accounts/profile/lau4,2016-06-15
83015,/accounts/profile/a.colaianni,2016-06-14
83015,/accounts/profile/s.cantillo10@uniandes.edu.co,2016-06-03
83015,/accounts/profile/prabodh,2016-06-02
83015,/accounts/profile/stanislas,2016-05-30
83015,/accounts/profile/sarthak4,2016-05-29
83015,/accounts/profile/azzy_ru,2016-05-25
83015,/accounts/profile/henry19,2016-05-22
83015,/accounts/profile/radesh,2016-05-15
83015,/accounts/profile/allan4,2016-05-11
83015,/accounts/profile/ecom.advisor,2016-05-05
83015,/accounts/profile/viola,2016-05-04
83015,/accounts/profile/jorge45,2016-05-03
83015,/accounts/profile/manish24,2016-04-24
83015,/accounts/profile/daniel17,2016-04-16
83015,/accounts/profile/claudiu5,2016-04-11
83015,/accounts/profile/piyush14,2016-04-06
83015,/accounts/profile/kangkanasetcs,2016-04-04
83015,/accounts/profile/kangkan,2016-04-03
83015,/accounts/profile/samreshrjha18,2016-03-28
83015,/accounts/profile/bilal17,2016-03-26
83015,/accounts/profile/tailorgunjan89,2016-03-26
83015,/accounts/profile/vilisicsm,2016-03-17
83015,/accounts/profile/sanjeebdash,2016-03-13
83015,/accounts/profile/arzoo,2016-03-09
83015,/accounts/profile/sean34,2016-02-22
83015,/accounts/profile/gustavo_ernesto,2016-02-16
83015,/accounts/profile/sonali2,2016-02-16
83015,/accounts/profile/alejandro33,2016-02-15
83015,/accounts/profile/daniel125,2016-02-15
83015,/accounts/profile/benjamin-menzel,2016-02-14
83015,/accounts/profile/tawficfatah,2016-02-13
83015,/accounts/profile/eduardo21,2016-02-12
83015,/accounts/profile/sudheendra,2016-02-10
83015,/accounts/profile/alli2,2016-02-09
83015,/accounts/profile/henrique5,2016-02-09
83015,/accounts/profile/ilanaisic,2016-02-08
83015,/accounts/profile/tushar9aug,2016-02-07
83015,/accounts/profile/rajan6,2016-02-06
83015,/accounts/profile/katya2,2016-02-06
83015,/accounts/profile/jean7,2016-02-05
83015,/accounts/profile/jani,2016-02-04
83015,/accounts/profile/1204058,2016-02-03
83015,/accounts/profile/daniel119,2016-02-02
68081,/accounts/profile/anthony.j.borla,2016-06-03
68081,/accounts/profile/ericdocode,2016-05-29
68078,/accounts/profile/paulhundal1,2016-05-10
50071,/accounts/profile/paulhundal1,2016-02-04
68077,/accounts/profile/paulhundal1,2016-05-10
68079,/accounts/profile/paulhundal1,2016-05-10
48092,/accounts/profile/etienneportelance1,2016-01-08
47062,/accounts/profile/maunikpan,2016-04-22
47062,/accounts/profile/paco_acu13,2016-04-25
47062,/accounts/profile/kmballa,2016-04-24
47062,/accounts/profile/waqar4,2016-04-15
45189,/accounts/profile/skdivya.shukla,2016-01-08
90813,/accounts/profile/mukherjee.debraj6397@gmail.com,2016-05-30
90813,/accounts/profile/kose,2016-05-29
90813,/accounts/profile/gautam9,2016-05-21
90813,/accounts/profile/omar_jajah,2016-05-20
90813,/accounts/profile/yahia.eltaib,2016-05-19
90813,/accounts/profile/scott27,2016-05-08
47052,/accounts/profile/mohamedthebest9977,2016-01-31
51181,/accounts/profile/sekrst,2016-03-22
45473,/accounts/profile/gustavo27,2016-03-28
45473,/accounts/profile/rocio7,2016-03-15
45473,/accounts/profile/maxymar11,2016-03-01
45473,/accounts/profile/leoherrerap,2016-02-29
45473,/accounts/profile/pmisnaza,2016-02-27
45473,/accounts/profile/federico13,2016-02-22
45473,/accounts/profile/arveylozano,2016-02-16
69531,/accounts/profile/saba4,2016-06-08
69531,/accounts/profile/fynnjames,2016-02-10
47061,/accounts/profile/koen,2016-04-19
47061,/accounts/profile/arnaldo_gabriel,2016-04-10
47061,/accounts/profile/anthony.j.borla,2016-04-06
45464,/accounts/profile/kevin12,2016-04-22
45464,/accounts/profile/hugh4,2016-02-14
69968,/accounts/profile/claudio8,2016-01-08
70232,/accounts/profile/abhay6,2016-03-14
45476,/accounts/profile/ahmed299,2016-05-28
14103,/accounts/profile/hannaedwards1,2016-03-24
51482,/accounts/profile/marlies2,2016-01-26
83116,/accounts/profile/cesar11,2016-04-05
80163,/accounts/profile/kevin12,2016-03-17
69878,/accounts/profile/hicham7,2016-04-13
69878,/accounts/profile/ch,2016-04-05
69878,/accounts/profile/leung8821,2016-04-07
69878,/accounts/profile/mariely,2016-04-06
69878,/accounts/profile/bessiechong,2016-04-05
69878,/accounts/profile/hilal,2016-04-04
27409,/accounts/profile/dmitrijs.kass,2016-02-01
27409,/accounts/profile/hannaedwards1,2016-03-24
80611,/accounts/profile/arveylozano,2016-02-16
34841,/accounts/profile/hannaedwards1,2016-03-28
80895,/accounts/profile/mirzaibrahimovic,2016-01-10
36403,/accounts/profile/jll,2016-04-16
36403,/accounts/profile/claudio8,2016-02-14
84021,/accounts/profile/anthony.j.borla,2016-06-03
69519,/accounts/profile/madelantadosaez,2016-03-04
81721,/accounts/profile/richard.galmiche,2016-01-01
20043,/accounts/profile/vincent24,2016-05-03
51188,/accounts/profile/paulhundal1,2016-02-04
48069,/accounts/profile/revashankarbhoi,2016-01-07
69868,/accounts/profile/pjmd1,2016-04-04
69868,/accounts/profile/johnmckeon,2016-03-12
69868,/accounts/profile/alex88,2016-02-05
69868,/accounts/profile/jake1egelberg,2016-06-08
69201,/accounts/profile/aansmurthy,2016-03-09
69201,/accounts/profile/biju2,2016-03-08
65185,/accounts/profile/paulhundal1,2016-06-19
65185,/accounts/profile/kevin12,2016-02-01
26688,/accounts/profile/julius6,2016-01-17
25641,/accounts/profile/nicomarzian1,2016-02-25
46963,/accounts/profile/paulhundal1,2016-03-24
45519,/accounts/profile/simonchenery,2016-02-22
45467,/accounts/profile/claudio8,2016-01-08
14080,/accounts/profile/krzysztofstrug,2016-02-04
34816,/accounts/profile/marlies2,2016-01-26
89710,/accounts/profile/anthony.j.borla,2016-04-07
46984,/accounts/profile/nuruddin.bawangonwala,2016-02-29
51340,/accounts/profile/paulhundal1,2016-02-20
45466,/accounts/profile/claudio8,2016-01-08
80158,/accounts/profile/stevenfrank,2016-05-20
34593,/accounts/profile/sekrst,2016-05-25
45488,/accounts/profile/claudio8,2016-02-14
45488,/accounts/profile/kevin12,2016-04-21
26686,/accounts/profile/kanaseriy,2016-01-12
69899,/accounts/profile/ashley13,2016-03-15
48828,/accounts/profile/kevin12,2016-02-01
65212,/accounts/profile/kevin12,2016-05-24
51172,/accounts/profile/vakush1,2016-02-08
51172,/accounts/profile/siddarth,2016-02-05
34584,/accounts/profile/victoria11,2016-01-17
34658,/accounts/profile/pealgarzon76,2016-02-06
82896,/accounts/profile/1cjcarpenter,2016-01-01
83277,/accounts/profile/22hussam,2016-01-10
27204,/accounts/profile/hannaedwards1,2016-05-20
68516,/accounts/profile/ainbritain,2016-01-17
41146,/accounts/profile/alejandra10,2016-05-22
46926,/accounts/profile/mindaugas2,2016-04-09
35719,/accounts/profile/rick12,2016-01-01
45491,/accounts/profile/teachermatthewvietnam,2016-02-15
45491,/accounts/profile/lisa32,2016-03-07
45491,/accounts/profile/597599450,2016-01-16
68514,/accounts/profile/dwillson,2016-02-25
68514,/accounts/profile/damir2,2016-03-26
68512,/accounts/profile/anthony.j.borla,2016-04-16
68512,/accounts/profile/gabriel35,2016-04-12
68512,/accounts/profile/antoinefreches,2016-04-08
68512,/accounts/profile/damir2,2016-03-26
65195,/accounts/profile/paulhundal1,2016-03-10
86,/accounts/profile/robert.welborn,2016-06-26
86,/accounts/profile/joshua30,2016-05-04
86,/accounts/profile/alejandro35,2016-03-26
86,/accounts/profile/everhard.faas,2016-03-26
86,/accounts/profile/konate1,2016-03-26
86,/accounts/profile/andrei.kharlanov,2016-03-22
86,/accounts/profile/shannon12,2016-03-21
86,/accounts/profile/jinghao,2016-03-21
86,/accounts/profile/cyril6,2016-03-21
86,/accounts/profile/wagner2,2016-03-21
86,/accounts/profile/tigar.gordana,2016-03-21
86,/accounts/profile/anupam5,2016-03-21
86,/accounts/profile/pratik12,2016-03-20
86,/accounts/profile/benaincursos,2016-03-20
86,/accounts/profile/jose42,2016-03-20
86,/accounts/profile/patricia12,2016-01-12
67376,/accounts/profile/dmar317@gmail.com,2016-05-28
67376,/accounts/profile/mkovacs,2016-05-18
67376,/accounts/profile/mckee.gerard,2016-02-12
67376,/accounts/profile/raquel5,2016-01-31
67376,/accounts/profile/ralphcrowe,2016-01-05
12,/accounts/profile/greg30,2016-05-05
12,/accounts/profile/sakares,2016-05-25
12,/accounts/profile/bernardocampos,2016-02-06
12,/accounts/profile/gaurav25,2016-01-06
12,/accounts/profile/karthikeyansankaran,2016-01-01
26,/accounts/profile/timothyhew1,2016-05-16
50497,/accounts/profile/hannaedwards1,2016-03-24
50497,/accounts/profile/prashantfromindia,2016-02-20
50780,/accounts/profile/nancy16,2016-02-20
50780,/accounts/profile/nirajcife,2016-02-21
50780,/accounts/profile/isacris,2016-02-21
50780,/accounts/profile/alberto20,2016-02-20
50780,/accounts/profile/frank26,2016-02-15
50780,/accounts/profile/razeen,2016-02-13
50780,/accounts/profile/sami7,2016-01-04
108,/accounts/profile/hannaedwards1,2016-03-24
12695,/accounts/profile/gq_boy_us,2016-02-21
104,/accounts/profile/francoisfernando1,2016-06-01
50911,/accounts/profile/david.larkin,2016-01-12
50911,/accounts/profile/dmitry24,2016-04-09
163,/accounts/profile/terezat,2016-01-11
44776,/accounts/profile/stevenfrank,2016-03-16
44776,/accounts/profile/alecmchiu,2016-05-23
379,/accounts/profile/karinegantin1,2016-01-01
50791,/accounts/profile/cadastro,2016-05-09
50791,/accounts/profile/boyarsky,2016-01-10
44777,/accounts/profile/stevenfrank,2016-03-31
45431,/accounts/profile/stevenfrank,2016-04-10
44778,/accounts/profile/stevenfrank,2016-04-08
50047,/accounts/profile/hamidehiraj,2016-06-19
50635,/accounts/profile/greghamel,2016-01-06
50635,/accounts/profile/marcin4,2016-05-18
50635,/accounts/profile/boryszibrov,2016-03-24
50635,/accounts/profile/raulsolera,2016-01-03
50036,/accounts/profile/hamidehiraj,2016-03-13
17410,/accounts/profile/vikashshaw,2016-01-31
51413,/accounts/profile/nirav2,2016-04-02
51415,/accounts/profile/nirav2,2016-04-02
50864,/accounts/profile/sasa,2016-01-14
50753,/accounts/profile/stevenfrank,2016-04-13
51477,/accounts/profile/nirav2,2016-04-02
51474,/accounts/profile/alecmchiu,2016-05-23
50878,/accounts/profile/marcin4,2016-05-18
50878,/accounts/profile/greghamel,2016-01-06
50622,/accounts/profile/dmitry24,2016-04-09
50480,/accounts/profile/krzysztofstrug,2016-02-04
50856,/accounts/profile/hamidehiraj,2016-05-16
50584,/accounts/profile/hamidehiraj,2016-06-19
50584,/accounts/profile/ramiroaznar1,2016-01-11
62,/accounts/profile/john117,2016-02-22
62,/accounts/profile/catopau,2016-03-27
62,/accounts/profile/grace11,2016-03-22
62,/accounts/profile/jnanam,2016-03-09
45401,/accounts/profile/stevenfrank,2016-04-10
42452,/accounts/profile/alecmchiu,2016-05-23
50570,/accounts/profile/ievgen,2016-04-17
50532,/accounts/profile/stevenfrank,2016-04-13
51419,/accounts/profile/alecmchiu,2016-05-23
17356,/accounts/profile/julian_david,2016-02-21
43473,/accounts/profile/hamidehiraj,2016-03-26
51309,/accounts/profile/hannaedwards1,2016-03-28
51311,/accounts/profile/hannaedwards1,2016-03-28
51305,/accounts/profile/hannaedwards1,2016-03-28
51316,/accounts/profile/hannaedwards1,2016-03-24
51322,/accounts/profile/hannaedwards1,2016-03-28
66034,/accounts/profile/bobbraunstein,2016-04-24
1177,/accounts/profile/greg30,2016-05-05
51423,/accounts/profile/alecmchiu,2016-05-23
42456,/accounts/profile/riddhimakarwa,2016-02-23
50312,/accounts/profile/dmitry24,2016-06-24
51480,/accounts/profile/sekrst,2016-03-28
51409,/accounts/profile/sekrst,2016-02-11
50555,/accounts/profile/boyarsky,2016-02-27
50731,/accounts/profile/victoria11,2016-01-17
50618,/accounts/profile/sekrst,2016-03-28
50831,/accounts/profile/kingstonn,2016-02-15
50732,/accounts/profile/dmitry24,2016-03-24
50824,/accounts/profile/vladimir23,2016-03-13
50038,/accounts/profile/sakares,2016-05-25
50490,/accounts/profile/birdset,2016-02-08
51444,/accounts/profile/atheer2,2016-05-25
51444,/accounts/profile/nirav2,2016-04-02
50537,/accounts/profile/prashantfromindia,2016-06-10
50337,/accounts/profile/boyarsky,2016-01-10
50800,/accounts/profile/tadeusz,2016-01-01
68140,/accounts/profile/mauriciodeoliveirareis,2016-05-18
50634,/accounts/profile/boyarsky,2016-01-10
67477,/accounts/profile/princegrwl,2016-04-22
50309,/accounts/profile/greghamel,2016-03-11
26582,/accounts/profile/stevenfrank,2016-01-10
51403,/accounts/profile/atheer2,2016-04-21
51403,/accounts/profile/nirav2,2016-04-02
50855,/accounts/profile/alexandre22,2016-01-27
42455,/accounts/profile/riddhimakarwa,2016-02-23
16068,/accounts/profile/hannaedwards1,2016-03-24
239,/accounts/profile/kat5,2016-06-29
239,/accounts/profile/greg30,2016-05-05
51759,/accounts/profile/ericdocode,2016-02-23
51759,/accounts/profile/hamidehiraj,2016-04-23
51759,/accounts/profile/mirzaibrahimovic,2016-03-04
50873,/accounts/profile/hamidehiraj,2016-03-13
51729,/accounts/profile/dmitry24,2016-06-24
50896,/accounts/profile/boyarsky,2016-01-10
51407,/accounts/profile/hamidehiraj,2016-03-13
51818,/accounts/profile/dmitry24,2016-06-24
24,/accounts/profile/greg30,2016-05-05
50777,/accounts/profile/koujimaooshi02,2016-06-25
50563,/accounts/profile/dmitry24,2016-03-24
50563,/accounts/profile/hamidehiraj,2016-06-26
50888,/accounts/profile/hamidehiraj,2016-03-13
50862,/accounts/profile/greghamel,2016-01-06
50770,/accounts/profile/greghamel,2016-01-06
50637,/accounts/profile/greghamel,2016-01-06
51481,/accounts/profile/alecmchiu,2016-05-23
50360,/accounts/profile/boyarsky,2016-01-10
51426,/accounts/profile/nirav2,2016-04-02
51426,/accounts/profile/gq_boy_us,2016-02-21
42453,/accounts/profile/alecmchiu,2016-05-23
51320,/accounts/profile/sekrst,2016-03-06
50397,/accounts/profile/sylvain2,2016-03-04
50361,/accounts/profile/hannaedwards1,2016-03-24
50416,/accounts/profile/greghamel,2016-04-11
50487,/accounts/profile/dmitry24,2016-06-01
50017,/accounts/profile/dmitry24,2016-03-24
50313,/accounts/profile/hamidehiraj,2016-03-13
50477,/accounts/profile/nikospapasavvas,2016-01-01
51723,/accounts/profile/davemenc@gmail.com,2016-05-16
51335,/accounts/profile/sekrst,2016-01-24
355,/accounts/profile/krzysztofstrug,2016-02-04
50792,/accounts/profile/jagprieto,2016-03-28
50792,/accounts/profile/boyarsky,2016-02-27
50568,/accounts/profile/damir2,2016-02-21
50507,/accounts/profile/boyarsky,2016-02-16
384,/accounts/profile/miskbay,2016-01-12
25392,/accounts/profile/karthikeyansankaran,2016-01-01
51414,/accounts/profile/kevin12,2016-06-06
50020,/accounts/profile/marcin4,2016-05-18
50020,/accounts/profile/angel16,2016-04-28
50901,/accounts/profile/karthikeyansankaran,2016-01-01
50408,/accounts/profile/greghamel,2016-01-06
50900,/accounts/profile/greghamel,2016-01-06
50884,/accounts/profile/greghamel,2016-01-06
51467,/accounts/profile/alecmchiu,2016-05-23
51467,/accounts/profile/nirav2,2016-04-02
51467,/accounts/profile/esteban.mendoza,2016-03-18
51446,/accounts/profile/johan12,2016-04-12
51446,/accounts/profile/alecmchiu,2016-05-23
50579,/accounts/profile/kingstonn,2016-02-21
50579,/accounts/profile/angel16,2016-04-28
50404,/accounts/profile/angel16,2016-04-28
50556,/accounts/profile/theofanis.lekkas,2016-01-04
50882,/accounts/profile/dmitry24,2016-04-09
50759,/accounts/profile/ericdocode,2016-01-03
50476,/accounts/profile/kingstonn,2016-02-21
50390,/accounts/profile/dmitry24,2016-03-24
28802,/accounts/profile/stenseven,2016-01-25
